strategy,avg_lik,avg_imp,avg_risk,avg_len,num_paths,dst
0 409fad40b1d62eb940fdde6354a74f3e8d454d09,0.1800679867986577,0.9982397809505182,0.1796667972717103,0.9998044201056131,5112,409fad40b1d62eb940fdde6354a74f3e8d454d09
0 9a1c0c332d096dda37d9c78df9082cd782e2c043,0.18791460379818134,0.997654848944682,0.18734865482555574,0.9998620499379225,2136,9a1c0c332d096dda37d9c78df9082cd782e2c043
0 cc406827f27a6e34d2407e7795c952a3ef205827,0.19218948421571277,0.9973361747469366,0.19153377338418967,0.9998934469898775,2136,cc406827f27a6e34d2407e7795c952a3ef205827
0 54d47d36c3b4ee51b0dbf2c15f42f148098292fa,0.19487923407655341,0.997135665306831,0.19416704518625508,0.9999132019789949,2136,54d47d36c3b4ee51b0dbf2c15f42f148098292fa
0 ac1faedbfec77623b9a384b2f01ee6ffd3320f85,0.19492193059651775,0.9964437505421112,0.19403231222056075,0.9999132622083442,8,ac1faedbfec77623b9a384b2f01ee6ffd3320f85
0 3e78d89b752d59d26696f0cff1c8474be63d2414,0.1949698934091649,0.9956664933263997,0.1938809609629784,0.999913329866528,9,3e78d89b752d59d26696f0cff1c8474be63d2414
0 acca830ab5b2bf04e78ad11ed71a03e7ce3dbbbd,0.19501778145515164,0.9948904477353425,0.1937298456387672,0.9999133974192431,9,acca830ab5b2bf04e78ad11ed71a03e7ce3dbbbd
0 5dbf2ca6d553a063e96da3695d4611563d62737d,0.19416786475227954,0.9949456009594791,0.19289383109582522,0.9999143322196522,126,5dbf2ca6d553a063e96da3695d4611563d62737d
0 718d0e361c36b3da6577d2b718a7d2cce626c57b,0.2144451935510933,0.9165753639067147,0.17818664570810683,1.0781812490217562,1105,718d0e361c36b3da6577d2b718a7d2cce626c57b
0 30d2ba7d25a7a0f5b9e3b3bf1c76926b31193c1a,0.2144451935510933,0.9165753639067147,0.17818664570810683,1.0781812490217562,1105,30d2ba7d25a7a0f5b9e3b3bf1c76926b31193c1a
0 eaf7803fe8421370005d6873a34100b474380d38,0.22835961647565178,0.8675145395283441,0.17008955487895142,1.1277561193839074,2869,eaf7803fe8421370005d6873a34100b474380d38
0 63841b50abde7be7f36b38e66695e322dcbc90c9,0.23796204119643333,0.8336573774033269,0.16450170509417347,1.1619680276517605,2869,63841b50abde7be7f36b38e66695e322dcbc90c9
0 12b5d1af19957351a3a7da2294735440bfc34828,0.2449879537335367,0.8088847322889876,0.16041318110154218,1.1870002338087444,2869,12b5d1af19957351a3a7da2294735440bfc34828
20 409fad40b1d62eb940fdde6354a74f3e8d454d09 ,0.4469874764016993,0.19460796242447592,0.07405158028994467,1.915673693858845,1090,718d0e361c36b3da6577d2b718a7d2cce626c57b
20 409fad40b1d62eb940fdde6354a74f3e8d454d09 ,0.3474954524659304,0.5244068708394821,0.12714719215834963,1.5412943406444626,2602,eaf7803fe8421370005d6873a34100b474380d38
20 409fad40b1d62eb940fdde6354a74f3e8d454d09 ,0.3302522756408272,0.5815650295496921,0.13634930693967368,1.4764098490865767,2602,63841b50abde7be7f36b38e66695e322dcbc90c9
20 409fad40b1d62eb940fdde6354a74f3e8d454d09 ,0.32309491338218527,0.6052904516151957,0.14016895512303634,1.4494773519163764,2602,12b5d1af19957351a3a7da2294735440bfc34828
20 409fad40b1d62eb940fdde6354a74f3e8d454d09 ,0.3028880384998084,0.6731626553985135,0.15155169051293887,1.3714471484302433,1869,9a1c0c332d096dda37d9c78df9082cd782e2c043
20 409fad40b1d62eb940fdde6354a74f3e8d454d09 ,0.28865926399814573,0.7209552155140796,0.15956690197031625,1.3165017807677089,1869,cc406827f27a6e34d2407e7795c952a3ef205827
20 409fad40b1d62eb940fdde6354a74f3e8d454d09 ,0.27809755782847534,0.7564305810824873,0.16551641703858935,1.2757170435741865,1869,54d47d36c3b4ee51b0dbf2c15f42f148098292fa
20 409fad40b1d62eb940fdde6354a74f3e8d454d09 ,0.2780870960332904,0.7560656845166009,0.16543657313263732,1.2755840396940252,7,ac1faedbfec77623b9a384b2f01ee6ffd3320f85
20 409fad40b1d62eb940fdde6354a74f3e8d454d09 ,0.27807515204837513,0.7556490907101313,0.16534541722761212,1.2754321922997451,8,3e78d89b752d59d26696f0cff1c8474be63d2414
20 409fad40b1d62eb940fdde6354a74f3e8d454d09 ,0.2780632212185338,0.7552329557389961,0.1652543617214635,1.27528051214979,8,acca830ab5b2bf04e78ad11ed71a03e7ce3dbbbd
20 409fad40b1d62eb940fdde6354a74f3e8d454d09 ,0.2768254437089703,0.7571056184179518,0.16487966176252997,1.2731743971582759,112,5dbf2ca6d553a063e96da3695d4611563d62737d
21 409fad40b1d62eb940fdde6354a74f3e8d454d09 ,0.4469874764016993,0.19460796242447592,0.07405158028994467,1.915673693858845,1090,718d0e361c36b3da6577d2b718a7d2cce626c57b
21 409fad40b1d62eb940fdde6354a74f3e8d454d09 ,0.3474954524659304,0.5244068708394821,0.12714719215834963,1.5412943406444626,2602,eaf7803fe8421370005d6873a34100b474380d38
21 409fad40b1d62eb940fdde6354a74f3e8d454d09 ,0.3302522756408272,0.5815650295496921,0.13634930693967368,1.4764098490865767,2602,63841b50abde7be7f36b38e66695e322dcbc90c9
21 409fad40b1d62eb940fdde6354a74f3e8d454d09 ,0.32309491338218527,0.6052904516151957,0.14016895512303634,1.4494773519163764,2602,12b5d1af19957351a3a7da2294735440bfc34828
21 409fad40b1d62eb940fdde6354a74f3e8d454d09 ,0.3028880384998084,0.6731626553985135,0.15155169051293887,1.3714471484302433,1869,9a1c0c332d096dda37d9c78df9082cd782e2c043
21 409fad40b1d62eb940fdde6354a74f3e8d454d09 ,0.28865926399814573,0.7209552155140796,0.15956690197031625,1.3165017807677089,1869,cc406827f27a6e34d2407e7795c952a3ef205827
21 409fad40b1d62eb940fdde6354a74f3e8d454d09 ,0.27809755782847534,0.7564305810824873,0.16551641703858935,1.2757170435741865,1869,54d47d36c3b4ee51b0dbf2c15f42f148098292fa
21 409fad40b1d62eb940fdde6354a74f3e8d454d09 ,0.2780870960332904,0.7560656845166009,0.16543657313263732,1.2755840396940252,7,ac1faedbfec77623b9a384b2f01ee6ffd3320f85
21 409fad40b1d62eb940fdde6354a74f3e8d454d09 ,0.27807515204837513,0.7556490907101313,0.16534541722761212,1.2754321922997451,8,3e78d89b752d59d26696f0cff1c8474be63d2414
21 409fad40b1d62eb940fdde6354a74f3e8d454d09 ,0.2780632212185338,0.7552329557389961,0.1652543617214635,1.27528051214979,8,acca830ab5b2bf04e78ad11ed71a03e7ce3dbbbd
21 409fad40b1d62eb940fdde6354a74f3e8d454d09 ,0.2768254437089703,0.7571056184179518,0.16487966176252997,1.2731743971582759,112,5dbf2ca6d553a063e96da3695d4611563d62737d
22 409fad40b1d62eb940fdde6354a74f3e8d454d09 ,0.4469874764016993,0.19460796242447592,0.07405158028994467,1.915673693858845,1090,718d0e361c36b3da6577d2b718a7d2cce626c57b
22 409fad40b1d62eb940fdde6354a74f3e8d454d09 ,0.3474954524659304,0.5244068708394821,0.12714719215834963,1.5412943406444626,2602,eaf7803fe8421370005d6873a34100b474380d38
22 409fad40b1d62eb940fdde6354a74f3e8d454d09 ,0.3302522756408272,0.5815650295496921,0.13634930693967368,1.4764098490865767,2602,63841b50abde7be7f36b38e66695e322dcbc90c9
22 409fad40b1d62eb940fdde6354a74f3e8d454d09 ,0.32309491338218527,0.6052904516151957,0.14016895512303634,1.4494773519163764,2602,12b5d1af19957351a3a7da2294735440bfc34828
22 409fad40b1d62eb940fdde6354a74f3e8d454d09 ,0.3028880384998084,0.6731626553985135,0.15155169051293887,1.3714471484302433,1869,9a1c0c332d096dda37d9c78df9082cd782e2c043
22 409fad40b1d62eb940fdde6354a74f3e8d454d09 ,0.28865926399814573,0.7209552155140796,0.15956690197031625,1.3165017807677089,1869,cc406827f27a6e34d2407e7795c952a3ef205827
22 409fad40b1d62eb940fdde6354a74f3e8d454d09 ,0.27809755782847534,0.7564305810824873,0.16551641703858935,1.2757170435741865,1869,54d47d36c3b4ee51b0dbf2c15f42f148098292fa
22 409fad40b1d62eb940fdde6354a74f3e8d454d09 ,0.2780870960332904,0.7560656845166009,0.16543657313263732,1.2755840396940252,7,ac1faedbfec77623b9a384b2f01ee6ffd3320f85
22 409fad40b1d62eb940fdde6354a74f3e8d454d09 ,0.27807515204837513,0.7556490907101313,0.16534541722761212,1.2754321922997451,8,3e78d89b752d59d26696f0cff1c8474be63d2414
22 409fad40b1d62eb940fdde6354a74f3e8d454d09 ,0.2780632212185338,0.7552329557389961,0.1652543617214635,1.27528051214979,8,acca830ab5b2bf04e78ad11ed71a03e7ce3dbbbd
22 409fad40b1d62eb940fdde6354a74f3e8d454d09 ,0.2768254437089703,0.7571056184179518,0.16487966176252997,1.2731743971582759,112,5dbf2ca6d553a063e96da3695d4611563d62737d
24 409fad40b1d62eb940fdde6354a74f3e8d454d09 ,0.4469874764016993,0.19460796242447592,0.07405158028994467,1.915673693858845,1090,718d0e361c36b3da6577d2b718a7d2cce626c57b
24 409fad40b1d62eb940fdde6354a74f3e8d454d09 ,0.3474954524659304,0.5244068708394821,0.12714719215834963,1.5412943406444626,2602,eaf7803fe8421370005d6873a34100b474380d38
24 409fad40b1d62eb940fdde6354a74f3e8d454d09 ,0.3302522756408272,0.5815650295496921,0.13634930693967368,1.4764098490865767,2602,63841b50abde7be7f36b38e66695e322dcbc90c9
24 409fad40b1d62eb940fdde6354a74f3e8d454d09 ,0.32309491338218527,0.6052904516151957,0.14016895512303634,1.4494773519163764,2602,12b5d1af19957351a3a7da2294735440bfc34828
24 409fad40b1d62eb940fdde6354a74f3e8d454d09 ,0.3028880384998084,0.6731626553985135,0.15155169051293887,1.3714471484302433,1869,9a1c0c332d096dda37d9c78df9082cd782e2c043
24 409fad40b1d62eb940fdde6354a74f3e8d454d09 ,0.28865926399814573,0.7209552155140796,0.15956690197031625,1.3165017807677089,1869,cc406827f27a6e34d2407e7795c952a3ef205827
24 409fad40b1d62eb940fdde6354a74f3e8d454d09 ,0.27809755782847534,0.7564305810824873,0.16551641703858935,1.2757170435741865,1869,54d47d36c3b4ee51b0dbf2c15f42f148098292fa
24 409fad40b1d62eb940fdde6354a74f3e8d454d09 ,0.2780870960332904,0.7560656845166009,0.16543657313263732,1.2755840396940252,7,ac1faedbfec77623b9a384b2f01ee6ffd3320f85
24 409fad40b1d62eb940fdde6354a74f3e8d454d09 ,0.27807515204837513,0.7556490907101313,0.16534541722761212,1.2754321922997451,8,3e78d89b752d59d26696f0cff1c8474be63d2414
24 409fad40b1d62eb940fdde6354a74f3e8d454d09 ,0.2780632212185338,0.7552329557389961,0.1652543617214635,1.27528051214979,8,acca830ab5b2bf04e78ad11ed71a03e7ce3dbbbd
24 409fad40b1d62eb940fdde6354a74f3e8d454d09 ,0.2768254437089703,0.7571056184179518,0.16487966176252997,1.2731743971582759,112,5dbf2ca6d553a063e96da3695d4611563d62737d
20 9a1c0c332d096dda37d9c78df9082cd782e2c043 ,0.4306141476138038,0.076993583868011,0.019813488393312626,1.915673693858845,1090,718d0e361c36b3da6577d2b718a7d2cce626c57b
20 9a1c0c332d096dda37d9c78df9082cd782e2c043 ,0.33782131127578974,0.45491470349309504,0.09510074847612575,1.5412943406444626,2602,eaf7803fe8421370005d6873a34100b474380d38
20 9a1c0c332d096dda37d9c78df9082cd782e2c043 ,0.32173918507327,0.5204130262112788,0.10814894557705623,1.4764098490865767,2602,63841b50abde7be7f36b38e66695e322dcbc90c9
20 9a1c0c332d096dda37d9c78df9082cd782e2c043 ,0.315063756044839,0.5476003147128246,0.11356503997895916,1.4494773519163764,2602,12b5d1af19957351a3a7da2294735440bfc34828
20 9a1c0c332d096dda37d9c78df9082cd782e2c043 ,0.26991203455271606,0.6984293193717277,0.13569146995785192,1.299102468212416,4473,409fad40b1d62eb940fdde6354a74f3e8d454d09
20 9a1c0c332d096dda37d9c78df9082cd782e2c043 ,0.26215900519046187,0.7349563619660082,0.14428225340699327,1.2624187938841132,1869,cc406827f27a6e34d2407e7795c952a3ef205827
20 9a1c0c332d096dda37d9c78df9082cd782e2c043 ,0.2560999683320677,0.7635024549918167,0.15099599988320866,1.2337502922609305,1869,54d47d36c3b4ee51b0dbf2c15f42f148098292fa
20 9a1c0c332d096dda37d9c78df9082cd782e2c043 ,0.25610009523925714,0.7631901840490798,0.15093424282804171,1.2336546888694129,7,ac1faedbfec77623b9a384b2f01ee6ffd3320f85
20 9a1c0c332d096dda37d9c78df9082cd782e2c043 ,0.2561002401489907,0.7628336156047422,0.15086372516509572,1.2335455235647959,8,3e78d89b752d59d26696f0cff1c8474be63d2414
20 9a1c0c332d096dda37d9c78df9082cd782e2c043 ,0.2561003849233815,0.7624773801879633,0.1507932733641897,1.2334364602183177,8,acca830ab5b2bf04e78ad11ed71a03e7ce3dbbbd
20 9a1c0c332d096dda37d9c78df9082cd782e2c043 ,0.2551921910303528,0.7640201821028824,0.15056909017084671,1.231920199501247,112,5dbf2ca6d553a063e96da3695d4611563d62737d
21 9a1c0c332d096dda37d9c78df9082cd782e2c043 ,0.4306141476138038,0.076993583868011,0.019813488393312626,1.915673693858845,1090,718d0e361c36b3da6577d2b718a7d2cce626c57b
21 9a1c0c332d096dda37d9c78df9082cd782e2c043 ,0.33782131127578974,0.45491470349309504,0.09510074847612575,1.5412943406444626,2602,eaf7803fe8421370005d6873a34100b474380d38
21 9a1c0c332d096dda37d9c78df9082cd782e2c043 ,0.32173918507327,0.5204130262112788,0.10814894557705623,1.4764098490865767,2602,63841b50abde7be7f36b38e66695e322dcbc90c9
21 9a1c0c332d096dda37d9c78df9082cd782e2c043 ,0.315063756044839,0.5476003147128246,0.11356503997895916,1.4494773519163764,2602,12b5d1af19957351a3a7da2294735440bfc34828
21 9a1c0c332d096dda37d9c78df9082cd782e2c043 ,0.26991203455271606,0.6984293193717277,0.13569146995785192,1.299102468212416,4473,409fad40b1d62eb940fdde6354a74f3e8d454d09
21 9a1c0c332d096dda37d9c78df9082cd782e2c043 ,0.26215900519046187,0.7349563619660082,0.14428225340699327,1.2624187938841132,1869,cc406827f27a6e34d2407e7795c952a3ef205827
21 9a1c0c332d096dda37d9c78df9082cd782e2c043 ,0.2560999683320677,0.7635024549918167,0.15099599988320866,1.2337502922609305,1869,54d47d36c3b4ee51b0dbf2c15f42f148098292fa
21 9a1c0c332d096dda37d9c78df9082cd782e2c043 ,0.25610009523925714,0.7631901840490798,0.15093424282804171,1.2336546888694129,7,ac1faedbfec77623b9a384b2f01ee6ffd3320f85
21 9a1c0c332d096dda37d9c78df9082cd782e2c043 ,0.2561002401489907,0.7628336156047422,0.15086372516509572,1.2335455235647959,8,3e78d89b752d59d26696f0cff1c8474be63d2414
21 9a1c0c332d096dda37d9c78df9082cd782e2c043 ,0.2561003849233815,0.7624773801879633,0.1507932733641897,1.2334364602183177,8,acca830ab5b2bf04e78ad11ed71a03e7ce3dbbbd
21 9a1c0c332d096dda37d9c78df9082cd782e2c043 ,0.2551921910303528,0.7640201821028824,0.15056909017084671,1.231920199501247,112,5dbf2ca6d553a063e96da3695d4611563d62737d
22 9a1c0c332d096dda37d9c78df9082cd782e2c043 ,0.4306141476138038,0.076993583868011,0.019813488393312626,1.915673693858845,1090,718d0e361c36b3da6577d2b718a7d2cce626c57b
22 9a1c0c332d096dda37d9c78df9082cd782e2c043 ,0.33782131127578974,0.45491470349309504,0.09510074847612575,1.5412943406444626,2602,eaf7803fe8421370005d6873a34100b474380d38
22 9a1c0c332d096dda37d9c78df9082cd782e2c043 ,0.32173918507327,0.5204130262112788,0.10814894557705623,1.4764098490865767,2602,63841b50abde7be7f36b38e66695e322dcbc90c9
22 9a1c0c332d096dda37d9c78df9082cd782e2c043 ,0.315063756044839,0.5476003147128246,0.11356503997895916,1.4494773519163764,2602,12b5d1af19957351a3a7da2294735440bfc34828
22 9a1c0c332d096dda37d9c78df9082cd782e2c043 ,0.26991203455271606,0.6984293193717277,0.13569146995785192,1.299102468212416,4473,409fad40b1d62eb940fdde6354a74f3e8d454d09
22 9a1c0c332d096dda37d9c78df9082cd782e2c043 ,0.26215900519046187,0.7349563619660082,0.14428225340699327,1.2624187938841132,1869,cc406827f27a6e34d2407e7795c952a3ef205827
22 9a1c0c332d096dda37d9c78df9082cd782e2c043 ,0.2560999683320677,0.7635024549918167,0.15099599988320866,1.2337502922609305,1869,54d47d36c3b4ee51b0dbf2c15f42f148098292fa
22 9a1c0c332d096dda37d9c78df9082cd782e2c043 ,0.25610009523925714,0.7631901840490798,0.15093424282804171,1.2336546888694129,7,ac1faedbfec77623b9a384b2f01ee6ffd3320f85
22 9a1c0c332d096dda37d9c78df9082cd782e2c043 ,0.2561002401489907,0.7628336156047422,0.15086372516509572,1.2335455235647959,8,3e78d89b752d59d26696f0cff1c8474be63d2414
22 9a1c0c332d096dda37d9c78df9082cd782e2c043 ,0.2561003849233815,0.7624773801879633,0.1507932733641897,1.2334364602183177,8,acca830ab5b2bf04e78ad11ed71a03e7ce3dbbbd
22 9a1c0c332d096dda37d9c78df9082cd782e2c043 ,0.2551921910303528,0.7640201821028824,0.15056909017084671,1.231920199501247,112,5dbf2ca6d553a063e96da3695d4611563d62737d
24 9a1c0c332d096dda37d9c78df9082cd782e2c043 ,0.4306141476138038,0.076993583868011,0.019813488393312626,1.915673693858845,1090,718d0e361c36b3da6577d2b718a7d2cce626c57b
24 9a1c0c332d096dda37d9c78df9082cd782e2c043 ,0.33782131127578974,0.45491470349309504,0.09510074847612575,1.5412943406444626,2602,eaf7803fe8421370005d6873a34100b474380d38
24 9a1c0c332d096dda37d9c78df9082cd782e2c043 ,0.32173918507327,0.5204130262112788,0.10814894557705623,1.4764098490865767,2602,63841b50abde7be7f36b38e66695e322dcbc90c9
24 9a1c0c332d096dda37d9c78df9082cd782e2c043 ,0.315063756044839,0.5476003147128246,0.11356503997895916,1.4494773519163764,2602,12b5d1af19957351a3a7da2294735440bfc34828
24 9a1c0c332d096dda37d9c78df9082cd782e2c043 ,0.26991203455271606,0.6984293193717277,0.13569146995785192,1.299102468212416,4473,409fad40b1d62eb940fdde6354a74f3e8d454d09
24 9a1c0c332d096dda37d9c78df9082cd782e2c043 ,0.26215900519046187,0.7349563619660082,0.14428225340699327,1.2624187938841132,1869,cc406827f27a6e34d2407e7795c952a3ef205827
24 9a1c0c332d096dda37d9c78df9082cd782e2c043 ,0.2560999683320677,0.7635024549918167,0.15099599988320866,1.2337502922609305,1869,54d47d36c3b4ee51b0dbf2c15f42f148098292fa
24 9a1c0c332d096dda37d9c78df9082cd782e2c043 ,0.25610009523925714,0.7631901840490798,0.15093424282804171,1.2336546888694129,7,ac1faedbfec77623b9a384b2f01ee6ffd3320f85
24 9a1c0c332d096dda37d9c78df9082cd782e2c043 ,0.2561002401489907,0.7628336156047422,0.15086372516509572,1.2335455235647959,8,3e78d89b752d59d26696f0cff1c8474be63d2414
24 9a1c0c332d096dda37d9c78df9082cd782e2c043 ,0.2561003849233815,0.7624773801879633,0.1507932733641897,1.2334364602183177,8,acca830ab5b2bf04e78ad11ed71a03e7ce3dbbbd
24 9a1c0c332d096dda37d9c78df9082cd782e2c043 ,0.2551921910303528,0.7640201821028824,0.15056909017084671,1.231920199501247,112,5dbf2ca6d553a063e96da3695d4611563d62737d
20 cc406827f27a6e34d2407e7795c952a3ef205827 ,0.4306141476138038,0.076993583868011,0.019813488393312626,1.915673693858845,1090,718d0e361c36b3da6577d2b718a7d2cce626c57b
20 cc406827f27a6e34d2407e7795c952a3ef205827 ,0.33782131127578974,0.45491470349309504,0.09510074847612575,1.5412943406444626,2602,eaf7803fe8421370005d6873a34100b474380d38
20 cc406827f27a6e34d2407e7795c952a3ef205827 ,0.32173918507327,0.5204130262112788,0.10814894557705623,1.4764098490865767,2602,63841b50abde7be7f36b38e66695e322dcbc90c9
20 cc406827f27a6e34d2407e7795c952a3ef205827 ,0.315063756044839,0.5476003147128246,0.11356503997895916,1.4494773519163764,2602,12b5d1af19957351a3a7da2294735440bfc34828
20 cc406827f27a6e34d2407e7795c952a3ef205827 ,0.26991203455271606,0.6984293193717277,0.13569146995785192,1.299102468212416,4473,409fad40b1d62eb940fdde6354a74f3e8d454d09
20 cc406827f27a6e34d2407e7795c952a3ef205827 ,0.26215900519046187,0.7349563619660082,0.14428225340699327,1.2624187938841132,1869,9a1c0c332d096dda37d9c78df9082cd782e2c043
20 cc406827f27a6e34d2407e7795c952a3ef205827 ,0.2560999683320677,0.7635024549918167,0.15099599988320866,1.2337502922609305,1869,54d47d36c3b4ee51b0dbf2c15f42f148098292fa
20 cc406827f27a6e34d2407e7795c952a3ef205827 ,0.25610009523925714,0.7631901840490798,0.15093424282804171,1.2336546888694129,7,ac1faedbfec77623b9a384b2f01ee6ffd3320f85
20 cc406827f27a6e34d2407e7795c952a3ef205827 ,0.2561002401489907,0.7628336156047422,0.15086372516509572,1.2335455235647959,8,3e78d89b752d59d26696f0cff1c8474be63d2414
20 cc406827f27a6e34d2407e7795c952a3ef205827 ,0.2561003849233815,0.7624773801879633,0.1507932733641897,1.2334364602183177,8,acca830ab5b2bf04e78ad11ed71a03e7ce3dbbbd
20 cc406827f27a6e34d2407e7795c952a3ef205827 ,0.2551921910303528,0.7640201821028824,0.15056909017084671,1.231920199501247,112,5dbf2ca6d553a063e96da3695d4611563d62737d
21 cc406827f27a6e34d2407e7795c952a3ef205827 ,0.4306141476138038,0.076993583868011,0.019813488393312626,1.915673693858845,1090,718d0e361c36b3da6577d2b718a7d2cce626c57b
21 cc406827f27a6e34d2407e7795c952a3ef205827 ,0.33782131127578974,0.45491470349309504,0.09510074847612575,1.5412943406444626,2602,eaf7803fe8421370005d6873a34100b474380d38
21 cc406827f27a6e34d2407e7795c952a3ef205827 ,0.32173918507327,0.5204130262112788,0.10814894557705623,1.4764098490865767,2602,63841b50abde7be7f36b38e66695e322dcbc90c9
21 cc406827f27a6e34d2407e7795c952a3ef205827 ,0.315063756044839,0.5476003147128246,0.11356503997895916,1.4494773519163764,2602,12b5d1af19957351a3a7da2294735440bfc34828
21 cc406827f27a6e34d2407e7795c952a3ef205827 ,0.26991203455271606,0.6984293193717277,0.13569146995785192,1.299102468212416,4473,409fad40b1d62eb940fdde6354a74f3e8d454d09
21 cc406827f27a6e34d2407e7795c952a3ef205827 ,0.26215900519046187,0.7349563619660082,0.14428225340699327,1.2624187938841132,1869,9a1c0c332d096dda37d9c78df9082cd782e2c043
21 cc406827f27a6e34d2407e7795c952a3ef205827 ,0.2560999683320677,0.7635024549918167,0.15099599988320866,1.2337502922609305,1869,54d47d36c3b4ee51b0dbf2c15f42f148098292fa
21 cc406827f27a6e34d2407e7795c952a3ef205827 ,0.25610009523925714,0.7631901840490798,0.15093424282804171,1.2336546888694129,7,ac1faedbfec77623b9a384b2f01ee6ffd3320f85
21 cc406827f27a6e34d2407e7795c952a3ef205827 ,0.2561002401489907,0.7628336156047422,0.15086372516509572,1.2335455235647959,8,3e78d89b752d59d26696f0cff1c8474be63d2414
21 cc406827f27a6e34d2407e7795c952a3ef205827 ,0.2561003849233815,0.7624773801879633,0.1507932733641897,1.2334364602183177,8,acca830ab5b2bf04e78ad11ed71a03e7ce3dbbbd
21 cc406827f27a6e34d2407e7795c952a3ef205827 ,0.2551921910303528,0.7640201821028824,0.15056909017084671,1.231920199501247,112,5dbf2ca6d553a063e96da3695d4611563d62737d
22 cc406827f27a6e34d2407e7795c952a3ef205827 ,0.4306141476138038,0.076993583868011,0.019813488393312626,1.915673693858845,1090,718d0e361c36b3da6577d2b718a7d2cce626c57b
22 cc406827f27a6e34d2407e7795c952a3ef205827 ,0.33782131127578974,0.45491470349309504,0.09510074847612575,1.5412943406444626,2602,eaf7803fe8421370005d6873a34100b474380d38
22 cc406827f27a6e34d2407e7795c952a3ef205827 ,0.32173918507327,0.5204130262112788,0.10814894557705623,1.4764098490865767,2602,63841b50abde7be7f36b38e66695e322dcbc90c9
22 cc406827f27a6e34d2407e7795c952a3ef205827 ,0.315063756044839,0.5476003147128246,0.11356503997895916,1.4494773519163764,2602,12b5d1af19957351a3a7da2294735440bfc34828
22 cc406827f27a6e34d2407e7795c952a3ef205827 ,0.26991203455271606,0.6984293193717277,0.13569146995785192,1.299102468212416,4473,409fad40b1d62eb940fdde6354a74f3e8d454d09
22 cc406827f27a6e34d2407e7795c952a3ef205827 ,0.26215900519046187,0.7349563619660082,0.14428225340699327,1.2624187938841132,1869,9a1c0c332d096dda37d9c78df9082cd782e2c043
22 cc406827f27a6e34d2407e7795c952a3ef205827 ,0.2560999683320677,0.7635024549918167,0.15099599988320866,1.2337502922609305,1869,54d47d36c3b4ee51b0dbf2c15f42f148098292fa
22 cc406827f27a6e34d2407e7795c952a3ef205827 ,0.25610009523925714,0.7631901840490798,0.15093424282804171,1.2336546888694129,7,ac1faedbfec77623b9a384b2f01ee6ffd3320f85
22 cc406827f27a6e34d2407e7795c952a3ef205827 ,0.2561002401489907,0.7628336156047422,0.15086372516509572,1.2335455235647959,8,3e78d89b752d59d26696f0cff1c8474be63d2414
22 cc406827f27a6e34d2407e7795c952a3ef205827 ,0.2561003849233815,0.7624773801879633,0.1507932733641897,1.2334364602183177,8,acca830ab5b2bf04e78ad11ed71a03e7ce3dbbbd
22 cc406827f27a6e34d2407e7795c952a3ef205827 ,0.2551921910303528,0.7640201821028824,0.15056909017084671,1.231920199501247,112,5dbf2ca6d553a063e96da3695d4611563d62737d
24 cc406827f27a6e34d2407e7795c952a3ef205827 ,0.4306141476138038,0.076993583868011,0.019813488393312626,1.915673693858845,1090,718d0e361c36b3da6577d2b718a7d2cce626c57b
24 cc406827f27a6e34d2407e7795c952a3ef205827 ,0.33782131127578974,0.45491470349309504,0.09510074847612575,1.5412943406444626,2602,eaf7803fe8421370005d6873a34100b474380d38
24 cc406827f27a6e34d2407e7795c952a3ef205827 ,0.32173918507327,0.5204130262112788,0.10814894557705623,1.4764098490865767,2602,63841b50abde7be7f36b38e66695e322dcbc90c9
24 cc406827f27a6e34d2407e7795c952a3ef205827 ,0.315063756044839,0.5476003147128246,0.11356503997895916,1.4494773519163764,2602,12b5d1af19957351a3a7da2294735440bfc34828
24 cc406827f27a6e34d2407e7795c952a3ef205827 ,0.26991203455271606,0.6984293193717277,0.13569146995785192,1.299102468212416,4473,409fad40b1d62eb940fdde6354a74f3e8d454d09
24 cc406827f27a6e34d2407e7795c952a3ef205827 ,0.26215900519046187,0.7349563619660082,0.14428225340699327,1.2624187938841132,1869,9a1c0c332d096dda37d9c78df9082cd782e2c043
24 cc406827f27a6e34d2407e7795c952a3ef205827 ,0.2560999683320677,0.7635024549918167,0.15099599988320866,1.2337502922609305,1869,54d47d36c3b4ee51b0dbf2c15f42f148098292fa
24 cc406827f27a6e34d2407e7795c952a3ef205827 ,0.25610009523925714,0.7631901840490798,0.15093424282804171,1.2336546888694129,7,ac1faedbfec77623b9a384b2f01ee6ffd3320f85
24 cc406827f27a6e34d2407e7795c952a3ef205827 ,0.2561002401489907,0.7628336156047422,0.15086372516509572,1.2335455235647959,8,3e78d89b752d59d26696f0cff1c8474be63d2414
24 cc406827f27a6e34d2407e7795c952a3ef205827 ,0.2561003849233815,0.7624773801879633,0.1507932733641897,1.2334364602183177,8,acca830ab5b2bf04e78ad11ed71a03e7ce3dbbbd
24 cc406827f27a6e34d2407e7795c952a3ef205827 ,0.2551921910303528,0.7640201821028824,0.15056909017084671,1.231920199501247,112,5dbf2ca6d553a063e96da3695d4611563d62737d
20 54d47d36c3b4ee51b0dbf2c15f42f148098292fa ,0.4306141476138038,0.076993583868011,0.019813488393312626,1.915673693858845,1090,718d0e361c36b3da6577d2b718a7d2cce626c57b
20 54d47d36c3b4ee51b0dbf2c15f42f148098292fa ,0.33782131127578974,0.45491470349309504,0.09510074847612575,1.5412943406444626,2602,eaf7803fe8421370005d6873a34100b474380d38
20 54d47d36c3b4ee51b0dbf2c15f42f148098292fa ,0.32173918507327,0.5204130262112788,0.10814894557705623,1.4764098490865767,2602,63841b50abde7be7f36b38e66695e322dcbc90c9
20 54d47d36c3b4ee51b0dbf2c15f42f148098292fa ,0.315063756044839,0.5476003147128246,0.11356503997895916,1.4494773519163764,2602,12b5d1af19957351a3a7da2294735440bfc34828
20 54d47d36c3b4ee51b0dbf2c15f42f148098292fa ,0.26991203455271606,0.6984293193717277,0.13569146995785192,1.299102468212416,4473,409fad40b1d62eb940fdde6354a74f3e8d454d09
20 54d47d36c3b4ee51b0dbf2c15f42f148098292fa ,0.26215900519046187,0.7349563619660082,0.14428225340699327,1.2624187938841132,1869,9a1c0c332d096dda37d9c78df9082cd782e2c043
20 54d47d36c3b4ee51b0dbf2c15f42f148098292fa ,0.2560999683320677,0.7635024549918167,0.15099599988320866,1.2337502922609305,1869,cc406827f27a6e34d2407e7795c952a3ef205827
20 54d47d36c3b4ee51b0dbf2c15f42f148098292fa ,0.25610009523925714,0.7631901840490798,0.15093424282804171,1.2336546888694129,7,ac1faedbfec77623b9a384b2f01ee6ffd3320f85
20 54d47d36c3b4ee51b0dbf2c15f42f148098292fa ,0.2561002401489907,0.7628336156047422,0.15086372516509572,1.2335455235647959,8,3e78d89b752d59d26696f0cff1c8474be63d2414
20 54d47d36c3b4ee51b0dbf2c15f42f148098292fa ,0.2561003849233815,0.7624773801879633,0.1507932733641897,1.2334364602183177,8,acca830ab5b2bf04e78ad11ed71a03e7ce3dbbbd
20 54d47d36c3b4ee51b0dbf2c15f42f148098292fa ,0.2551921910303528,0.7640201821028824,0.15056909017084671,1.231920199501247,112,5dbf2ca6d553a063e96da3695d4611563d62737d
21 54d47d36c3b4ee51b0dbf2c15f42f148098292fa ,0.4306141476138038,0.076993583868011,0.019813488393312626,1.915673693858845,1090,718d0e361c36b3da6577d2b718a7d2cce626c57b
21 54d47d36c3b4ee51b0dbf2c15f42f148098292fa ,0.33782131127578974,0.45491470349309504,0.09510074847612575,1.5412943406444626,2602,eaf7803fe8421370005d6873a34100b474380d38
21 54d47d36c3b4ee51b0dbf2c15f42f148098292fa ,0.32173918507327,0.5204130262112788,0.10814894557705623,1.4764098490865767,2602,63841b50abde7be7f36b38e66695e322dcbc90c9
21 54d47d36c3b4ee51b0dbf2c15f42f148098292fa ,0.315063756044839,0.5476003147128246,0.11356503997895916,1.4494773519163764,2602,12b5d1af19957351a3a7da2294735440bfc34828
21 54d47d36c3b4ee51b0dbf2c15f42f148098292fa ,0.26991203455271606,0.6984293193717277,0.13569146995785192,1.299102468212416,4473,409fad40b1d62eb940fdde6354a74f3e8d454d09
21 54d47d36c3b4ee51b0dbf2c15f42f148098292fa ,0.26215900519046187,0.7349563619660082,0.14428225340699327,1.2624187938841132,1869,9a1c0c332d096dda37d9c78df9082cd782e2c043
21 54d47d36c3b4ee51b0dbf2c15f42f148098292fa ,0.2560999683320677,0.7635024549918167,0.15099599988320866,1.2337502922609305,1869,cc406827f27a6e34d2407e7795c952a3ef205827
21 54d47d36c3b4ee51b0dbf2c15f42f148098292fa ,0.25610009523925714,0.7631901840490798,0.15093424282804171,1.2336546888694129,7,ac1faedbfec77623b9a384b2f01ee6ffd3320f85
21 54d47d36c3b4ee51b0dbf2c15f42f148098292fa ,0.2561002401489907,0.7628336156047422,0.15086372516509572,1.2335455235647959,8,3e78d89b752d59d26696f0cff1c8474be63d2414
21 54d47d36c3b4ee51b0dbf2c15f42f148098292fa ,0.2561003849233815,0.7624773801879633,0.1507932733641897,1.2334364602183177,8,acca830ab5b2bf04e78ad11ed71a03e7ce3dbbbd
21 54d47d36c3b4ee51b0dbf2c15f42f148098292fa ,0.2551921910303528,0.7640201821028824,0.15056909017084671,1.231920199501247,112,5dbf2ca6d553a063e96da3695d4611563d62737d
22 54d47d36c3b4ee51b0dbf2c15f42f148098292fa ,0.4306141476138038,0.076993583868011,0.019813488393312626,1.915673693858845,1090,718d0e361c36b3da6577d2b718a7d2cce626c57b
22 54d47d36c3b4ee51b0dbf2c15f42f148098292fa ,0.33782131127578974,0.45491470349309504,0.09510074847612575,1.5412943406444626,2602,eaf7803fe8421370005d6873a34100b474380d38
22 54d47d36c3b4ee51b0dbf2c15f42f148098292fa ,0.32173918507327,0.5204130262112788,0.10814894557705623,1.4764098490865767,2602,63841b50abde7be7f36b38e66695e322dcbc90c9
22 54d47d36c3b4ee51b0dbf2c15f42f148098292fa ,0.315063756044839,0.5476003147128246,0.11356503997895916,1.4494773519163764,2602,12b5d1af19957351a3a7da2294735440bfc34828
22 54d47d36c3b4ee51b0dbf2c15f42f148098292fa ,0.26991203455271606,0.6984293193717277,0.13569146995785192,1.299102468212416,4473,409fad40b1d62eb940fdde6354a74f3e8d454d09
22 54d47d36c3b4ee51b0dbf2c15f42f148098292fa ,0.26215900519046187,0.7349563619660082,0.14428225340699327,1.2624187938841132,1869,9a1c0c332d096dda37d9c78df9082cd782e2c043
22 54d47d36c3b4ee51b0dbf2c15f42f148098292fa ,0.2560999683320677,0.7635024549918167,0.15099599988320866,1.2337502922609305,1869,cc406827f27a6e34d2407e7795c952a3ef205827
22 54d47d36c3b4ee51b0dbf2c15f42f148098292fa ,0.25610009523925714,0.7631901840490798,0.15093424282804171,1.2336546888694129,7,ac1faedbfec77623b9a384b2f01ee6ffd3320f85
22 54d47d36c3b4ee51b0dbf2c15f42f148098292fa ,0.2561002401489907,0.7628336156047422,0.15086372516509572,1.2335455235647959,8,3e78d89b752d59d26696f0cff1c8474be63d2414
22 54d47d36c3b4ee51b0dbf2c15f42f148098292fa ,0.2561003849233815,0.7624773801879633,0.1507932733641897,1.2334364602183177,8,acca830ab5b2bf04e78ad11ed71a03e7ce3dbbbd
22 54d47d36c3b4ee51b0dbf2c15f42f148098292fa ,0.2551921910303528,0.7640201821028824,0.15056909017084671,1.231920199501247,112,5dbf2ca6d553a063e96da3695d4611563d62737d
24 54d47d36c3b4ee51b0dbf2c15f42f148098292fa ,0.4306141476138038,0.076993583868011,0.019813488393312626,1.915673693858845,1090,718d0e361c36b3da6577d2b718a7d2cce626c57b
24 54d47d36c3b4ee51b0dbf2c15f42f148098292fa ,0.33782131127578974,0.45491470349309504,0.09510074847612575,1.5412943406444626,2602,eaf7803fe8421370005d6873a34100b474380d38
24 54d47d36c3b4ee51b0dbf2c15f42f148098292fa ,0.32173918507327,0.5204130262112788,0.10814894557705623,1.4764098490865767,2602,63841b50abde7be7f36b38e66695e322dcbc90c9
24 54d47d36c3b4ee51b0dbf2c15f42f148098292fa ,0.315063756044839,0.5476003147128246,0.11356503997895916,1.4494773519163764,2602,12b5d1af19957351a3a7da2294735440bfc34828
24 54d47d36c3b4ee51b0dbf2c15f42f148098292fa ,0.26991203455271606,0.6984293193717277,0.13569146995785192,1.299102468212416,4473,409fad40b1d62eb940fdde6354a74f3e8d454d09
24 54d47d36c3b4ee51b0dbf2c15f42f148098292fa ,0.26215900519046187,0.7349563619660082,0.14428225340699327,1.2624187938841132,1869,9a1c0c332d096dda37d9c78df9082cd782e2c043
24 54d47d36c3b4ee51b0dbf2c15f42f148098292fa ,0.2560999683320677,0.7635024549918167,0.15099599988320866,1.2337502922609305,1869,cc406827f27a6e34d2407e7795c952a3ef205827
24 54d47d36c3b4ee51b0dbf2c15f42f148098292fa ,0.25610009523925714,0.7631901840490798,0.15093424282804171,1.2336546888694129,7,ac1faedbfec77623b9a384b2f01ee6ffd3320f85
24 54d47d36c3b4ee51b0dbf2c15f42f148098292fa ,0.2561002401489907,0.7628336156047422,0.15086372516509572,1.2335455235647959,8,3e78d89b752d59d26696f0cff1c8474be63d2414
24 54d47d36c3b4ee51b0dbf2c15f42f148098292fa ,0.2561003849233815,0.7624773801879633,0.1507932733641897,1.2334364602183177,8,acca830ab5b2bf04e78ad11ed71a03e7ce3dbbbd
24 54d47d36c3b4ee51b0dbf2c15f42f148098292fa ,0.2551921910303528,0.7640201821028824,0.15056909017084671,1.231920199501247,112,5dbf2ca6d553a063e96da3695d4611563d62737d
20 ac1faedbfec77623b9a384b2f01ee6ffd3320f85 ,0.2548503799197472,0.9245283018867925,0.23791762713793782,0.9905660377358491,105,718d0e361c36b3da6577d2b718a7d2cce626c57b
20 ac1faedbfec77623b9a384b2f01ee6ffd3320f85 ,0.20928168020209326,0.9924050632911392,0.2074640885110838,0.999493670886076,1869,eaf7803fe8421370005d6873a34100b474380d38
20 ac1faedbfec77623b9a384b2f01ee6ffd3320f85 ,0.2080251031547291,0.9942767950052029,0.20662431871544315,0.9997398543184183,1869,63841b50abde7be7f36b38e66695e322dcbc90c9
20 ac1faedbfec77623b9a384b2f01ee6ffd3320f85 ,0.2075907009722331,0.9949238578680203,0.2063340079598954,0.9998249606161387,1869,12b5d1af19957351a3a7da2294735440bfc34828
20 ac1faedbfec77623b9a384b2f01ee6ffd3320f85 ,0.1955200607788055,0.9964657372864716,0.19463901238155865,0.9999018260357353,4473,409fad40b1d62eb940fdde6354a74f3e8d454d09
20 ac1faedbfec77623b9a384b2f01ee6ffd3320f85 ,0.19725296700294737,0.9964330153463293,0.19635962558700107,0.9999170468685192,1869,9a1c0c332d096dda37d9c78df9082cd782e2c043
20 ac1faedbfec77623b9a384b2f01ee6ffd3320f85 ,0.1985206618319567,0.9964090778511921,0.19761832754841002,0.9999281815570239,1869,cc406827f27a6e34d2407e7795c952a3ef205827
20 ac1faedbfec77623b9a384b2f01ee6ffd3320f85 ,0.19948830959765718,0.9963908060533148,0.1985791109426217,0.9999366808079528,1869,54d47d36c3b4ee51b0dbf2c15f42f148098292fa
20 ac1faedbfec77623b9a384b2f01ee6ffd3320f85 ,0.199517129012536,0.9958863363078286,0.19847857092062685,0.9999367128662743,8,3e78d89b752d59d26696f0cff1c8474be63d2414
20 ac1faedbfec77623b9a384b2f01ee6ffd3320f85 ,0.19954591925981166,0.995382377126953,0.19837813265335094,0.99993674489215,8,acca830ab5b2bf04e78ad11ed71a03e7ce3dbbbd
20 ac1faedbfec77623b9a384b2f01ee6ffd3320f85 ,0.19896015912268944,0.9954148608755732,0.19780058758437288,0.9999371898750079,112,5dbf2ca6d553a063e96da3695d4611563d62737d
21 ac1faedbfec77623b9a384b2f01ee6ffd3320f85 ,0.2548503799197472,0.9245283018867925,0.23791762713793782,0.9905660377358491,105,718d0e361c36b3da6577d2b718a7d2cce626c57b
21 ac1faedbfec77623b9a384b2f01ee6ffd3320f85 ,0.20928168020209326,0.9924050632911392,0.2074640885110838,0.999493670886076,1869,eaf7803fe8421370005d6873a34100b474380d38
21 ac1faedbfec77623b9a384b2f01ee6ffd3320f85 ,0.2080251031547291,0.9942767950052029,0.20662431871544315,0.9997398543184183,1869,63841b50abde7be7f36b38e66695e322dcbc90c9
21 ac1faedbfec77623b9a384b2f01ee6ffd3320f85 ,0.2075907009722331,0.9949238578680203,0.2063340079598954,0.9998249606161387,1869,12b5d1af19957351a3a7da2294735440bfc34828
21 ac1faedbfec77623b9a384b2f01ee6ffd3320f85 ,0.1955200607788055,0.9964657372864716,0.19463901238155865,0.9999018260357353,4473,409fad40b1d62eb940fdde6354a74f3e8d454d09
21 ac1faedbfec77623b9a384b2f01ee6ffd3320f85 ,0.19725296700294737,0.9964330153463293,0.19635962558700107,0.9999170468685192,1869,9a1c0c332d096dda37d9c78df9082cd782e2c043
21 ac1faedbfec77623b9a384b2f01ee6ffd3320f85 ,0.1985206618319567,0.9964090778511921,0.19761832754841002,0.9999281815570239,1869,cc406827f27a6e34d2407e7795c952a3ef205827
21 ac1faedbfec77623b9a384b2f01ee6ffd3320f85 ,0.19948830959765718,0.9963908060533148,0.1985791109426217,0.9999366808079528,1869,54d47d36c3b4ee51b0dbf2c15f42f148098292fa
21 ac1faedbfec77623b9a384b2f01ee6ffd3320f85 ,0.199517129012536,0.9958863363078286,0.19847857092062685,0.9999367128662743,8,3e78d89b752d59d26696f0cff1c8474be63d2414
21 ac1faedbfec77623b9a384b2f01ee6ffd3320f85 ,0.19954591925981166,0.995382377126953,0.19837813265335094,0.99993674489215,8,acca830ab5b2bf04e78ad11ed71a03e7ce3dbbbd
21 ac1faedbfec77623b9a384b2f01ee6ffd3320f85 ,0.19896015912268944,0.9954148608755732,0.19780058758437288,0.9999371898750079,112,5dbf2ca6d553a063e96da3695d4611563d62737d
22 ac1faedbfec77623b9a384b2f01ee6ffd3320f85 ,0.2548503799197472,0.9245283018867925,0.23791762713793782,0.9905660377358491,105,718d0e361c36b3da6577d2b718a7d2cce626c57b
22 ac1faedbfec77623b9a384b2f01ee6ffd3320f85 ,0.20928168020209326,0.9924050632911392,0.2074640885110838,0.999493670886076,1869,eaf7803fe8421370005d6873a34100b474380d38
22 ac1faedbfec77623b9a384b2f01ee6ffd3320f85 ,0.2080251031547291,0.9942767950052029,0.20662431871544315,0.9997398543184183,1869,63841b50abde7be7f36b38e66695e322dcbc90c9
22 ac1faedbfec77623b9a384b2f01ee6ffd3320f85 ,0.2075907009722331,0.9949238578680203,0.2063340079598954,0.9998249606161387,1869,12b5d1af19957351a3a7da2294735440bfc34828
22 ac1faedbfec77623b9a384b2f01ee6ffd3320f85 ,0.1955200607788055,0.9964657372864716,0.19463901238155865,0.9999018260357353,4473,409fad40b1d62eb940fdde6354a74f3e8d454d09
22 ac1faedbfec77623b9a384b2f01ee6ffd3320f85 ,0.19725296700294737,0.9964330153463293,0.19635962558700107,0.9999170468685192,1869,9a1c0c332d096dda37d9c78df9082cd782e2c043
22 ac1faedbfec77623b9a384b2f01ee6ffd3320f85 ,0.1985206618319567,0.9964090778511921,0.19761832754841002,0.9999281815570239,1869,cc406827f27a6e34d2407e7795c952a3ef205827
22 ac1faedbfec77623b9a384b2f01ee6ffd3320f85 ,0.19948830959765718,0.9963908060533148,0.1985791109426217,0.9999366808079528,1869,54d47d36c3b4ee51b0dbf2c15f42f148098292fa
22 ac1faedbfec77623b9a384b2f01ee6ffd3320f85 ,0.199517129012536,0.9958863363078286,0.19847857092062685,0.9999367128662743,8,3e78d89b752d59d26696f0cff1c8474be63d2414
22 ac1faedbfec77623b9a384b2f01ee6ffd3320f85 ,0.19954591925981166,0.995382377126953,0.19837813265335094,0.99993674489215,8,acca830ab5b2bf04e78ad11ed71a03e7ce3dbbbd
22 ac1faedbfec77623b9a384b2f01ee6ffd3320f85 ,0.19896015912268944,0.9954148608755732,0.19780058758437288,0.9999371898750079,112,5dbf2ca6d553a063e96da3695d4611563d62737d
24 ac1faedbfec77623b9a384b2f01ee6ffd3320f85 ,0.2548503799197472,0.9245283018867925,0.23791762713793782,0.9905660377358491,105,718d0e361c36b3da6577d2b718a7d2cce626c57b
24 ac1faedbfec77623b9a384b2f01ee6ffd3320f85 ,0.20928168020209326,0.9924050632911392,0.2074640885110838,0.999493670886076,1869,eaf7803fe8421370005d6873a34100b474380d38
24 ac1faedbfec77623b9a384b2f01ee6ffd3320f85 ,0.2080251031547291,0.9942767950052029,0.20662431871544315,0.9997398543184183,1869,63841b50abde7be7f36b38e66695e322dcbc90c9
24 ac1faedbfec77623b9a384b2f01ee6ffd3320f85 ,0.2075907009722331,0.9949238578680203,0.2063340079598954,0.9998249606161387,1869,12b5d1af19957351a3a7da2294735440bfc34828
24 ac1faedbfec77623b9a384b2f01ee6ffd3320f85 ,0.1955200607788055,0.9964657372864716,0.19463901238155865,0.9999018260357353,4473,409fad40b1d62eb940fdde6354a74f3e8d454d09
24 ac1faedbfec77623b9a384b2f01ee6ffd3320f85 ,0.19725296700294737,0.9964330153463293,0.19635962558700107,0.9999170468685192,1869,9a1c0c332d096dda37d9c78df9082cd782e2c043
24 ac1faedbfec77623b9a384b2f01ee6ffd3320f85 ,0.1985206618319567,0.9964090778511921,0.19761832754841002,0.9999281815570239,1869,cc406827f27a6e34d2407e7795c952a3ef205827
24 ac1faedbfec77623b9a384b2f01ee6ffd3320f85 ,0.19948830959765718,0.9963908060533148,0.1985791109426217,0.9999366808079528,1869,54d47d36c3b4ee51b0dbf2c15f42f148098292fa
24 ac1faedbfec77623b9a384b2f01ee6ffd3320f85 ,0.199517129012536,0.9958863363078286,0.19847857092062685,0.9999367128662743,8,3e78d89b752d59d26696f0cff1c8474be63d2414
24 ac1faedbfec77623b9a384b2f01ee6ffd3320f85 ,0.19954591925981166,0.995382377126953,0.19837813265335094,0.99993674489215,8,acca830ab5b2bf04e78ad11ed71a03e7ce3dbbbd
24 ac1faedbfec77623b9a384b2f01ee6ffd3320f85 ,0.19896015912268944,0.9954148608755732,0.19780058758437288,0.9999371898750079,112,5dbf2ca6d553a063e96da3695d4611563d62737d
20 3e78d89b752d59d26696f0cff1c8474be63d2414 ,0.428263289279012,0.08860759493670886,0.022802231895679394,1.903254972875226,1105,718d0e361c36b3da6577d2b718a7d2cce626c57b
20 3e78d89b752d59d26696f0cff1c8474be63d2414 ,0.3287097946519172,0.4930817610062893,0.10307964146148188,1.5028930817610062,2869,eaf7803fe8421370005d6873a34100b474380d38
20 3e78d89b752d59d26696f0cff1c8474be63d2414 ,0.31262181027761793,0.5584453535943893,0.11605258345151423,1.4381940385739334,2869,63841b50abde7be7f36b38e66695e322dcbc90c9
20 3e78d89b752d59d26696f0cff1c8474be63d2414 ,0.30603787762160717,0.5851950993513847,0.12136169952382192,1.4117162565633687,2869,12b5d1af19957351a3a7da2294735440bfc34828
20 3e78d89b752d59d26696f0cff1c8474be63d2414 ,0.26261271648163564,0.7276897133220911,0.1414787535868338,1.2697470489038787,5112,409fad40b1d62eb940fdde6354a74f3e8d454d09
20 3e78d89b752d59d26696f0cff1c8474be63d2414 ,0.25557094913458933,0.7615117033193798,0.14957116834532824,1.2357761924414834,2136,9a1c0c332d096dda37d9c78df9082cd782e2c043
20 3e78d89b752d59d26696f0cff1c8474be63d2414 ,0.2501044255486847,0.7877677122061056,0.15585330945621895,1.2094046185264702,2136,cc406827f27a6e34d2407e7795c952a3ef205827
20 3e78d89b752d59d26696f0cff1c8474be63d2414 ,0.2457377460149152,0.8087411105354873,0.16087150732660077,1.188338906419253,2136,54d47d36c3b4ee51b0dbf2c15f42f148098292fa
20 3e78d89b752d59d26696f0cff1c8474be63d2414 ,0.24574176560359565,0.8084365142884045,0.1608109182743616,1.1882679723176874,8,ac1faedbfec77623b9a384b2f01ee6ffd3320f85
20 3e78d89b752d59d26696f0cff1c8474be63d2414 ,0.24574628402323137,0.8080941176470589,0.1607428101207395,1.1881882352941175,9,acca830ab5b2bf04e78ad11ed71a03e7ce3dbbbd
20 3e78d89b752d59d26696f0cff1c8474be63d2414 ,0.2449831445679422,0.8092252994011976,0.1604807203338528,1.1870789670658684,126,5dbf2ca6d553a063e96da3695d4611563d62737d
21 3e78d89b752d59d26696f0cff1c8474be63d2414 ,0.428263289279012,0.08860759493670886,0.022802231895679394,1.903254972875226,1105,718d0e361c36b3da6577d2b718a7d2cce626c57b
21 3e78d89b752d59d26696f0cff1c8474be63d2414 ,0.3287097946519172,0.4930817610062893,0.10307964146148188,1.5028930817610062,2869,eaf7803fe8421370005d6873a34100b474380d38
21 3e78d89b752d59d26696f0cff1c8474be63d2414 ,0.31262181027761793,0.5584453535943893,0.11605258345151423,1.4381940385739334,2869,63841b50abde7be7f36b38e66695e322dcbc90c9
21 3e78d89b752d59d26696f0cff1c8474be63d2414 ,0.30603787762160717,0.5851950993513847,0.12136169952382192,1.4117162565633687,2869,12b5d1af19957351a3a7da2294735440bfc34828
21 3e78d89b752d59d26696f0cff1c8474be63d2414 ,0.26261271648163564,0.7276897133220911,0.1414787535868338,1.2697470489038787,5112,409fad40b1d62eb940fdde6354a74f3e8d454d09
21 3e78d89b752d59d26696f0cff1c8474be63d2414 ,0.25557094913458933,0.7615117033193798,0.14957116834532824,1.2357761924414834,2136,9a1c0c332d096dda37d9c78df9082cd782e2c043
21 3e78d89b752d59d26696f0cff1c8474be63d2414 ,0.2501044255486847,0.7877677122061056,0.15585330945621895,1.2094046185264702,2136,cc406827f27a6e34d2407e7795c952a3ef205827
21 3e78d89b752d59d26696f0cff1c8474be63d2414 ,0.2457377460149152,0.8087411105354873,0.16087150732660077,1.188338906419253,2136,54d47d36c3b4ee51b0dbf2c15f42f148098292fa
21 3e78d89b752d59d26696f0cff1c8474be63d2414 ,0.24574176560359565,0.8084365142884045,0.1608109182743616,1.1882679723176874,8,ac1faedbfec77623b9a384b2f01ee6ffd3320f85
21 3e78d89b752d59d26696f0cff1c8474be63d2414 ,0.24574628402323137,0.8080941176470589,0.1607428101207395,1.1881882352941175,9,acca830ab5b2bf04e78ad11ed71a03e7ce3dbbbd
21 3e78d89b752d59d26696f0cff1c8474be63d2414 ,0.2449831445679422,0.8092252994011976,0.1604807203338528,1.1870789670658684,126,5dbf2ca6d553a063e96da3695d4611563d62737d
22 3e78d89b752d59d26696f0cff1c8474be63d2414 ,0.428263289279012,0.08860759493670886,0.022802231895679394,1.903254972875226,1105,718d0e361c36b3da6577d2b718a7d2cce626c57b
22 3e78d89b752d59d26696f0cff1c8474be63d2414 ,0.3287097946519172,0.4930817610062893,0.10307964146148188,1.5028930817610062,2869,eaf7803fe8421370005d6873a34100b474380d38
22 3e78d89b752d59d26696f0cff1c8474be63d2414 ,0.31262181027761793,0.5584453535943893,0.11605258345151423,1.4381940385739334,2869,63841b50abde7be7f36b38e66695e322dcbc90c9
22 3e78d89b752d59d26696f0cff1c8474be63d2414 ,0.30603787762160717,0.5851950993513847,0.12136169952382192,1.4117162565633687,2869,12b5d1af19957351a3a7da2294735440bfc34828
22 3e78d89b752d59d26696f0cff1c8474be63d2414 ,0.26261271648163564,0.7276897133220911,0.1414787535868338,1.2697470489038787,5112,409fad40b1d62eb940fdde6354a74f3e8d454d09
22 3e78d89b752d59d26696f0cff1c8474be63d2414 ,0.25557094913458933,0.7615117033193798,0.14957116834532824,1.2357761924414834,2136,9a1c0c332d096dda37d9c78df9082cd782e2c043
22 3e78d89b752d59d26696f0cff1c8474be63d2414 ,0.2501044255486847,0.7877677122061056,0.15585330945621895,1.2094046185264702,2136,cc406827f27a6e34d2407e7795c952a3ef205827
22 3e78d89b752d59d26696f0cff1c8474be63d2414 ,0.2457377460149152,0.8087411105354873,0.16087150732660077,1.188338906419253,2136,54d47d36c3b4ee51b0dbf2c15f42f148098292fa
22 3e78d89b752d59d26696f0cff1c8474be63d2414 ,0.24574176560359565,0.8084365142884045,0.1608109182743616,1.1882679723176874,8,ac1faedbfec77623b9a384b2f01ee6ffd3320f85
22 3e78d89b752d59d26696f0cff1c8474be63d2414 ,0.24574628402323137,0.8080941176470589,0.1607428101207395,1.1881882352941175,9,acca830ab5b2bf04e78ad11ed71a03e7ce3dbbbd
22 3e78d89b752d59d26696f0cff1c8474be63d2414 ,0.2449831445679422,0.8092252994011976,0.1604807203338528,1.1870789670658684,126,5dbf2ca6d553a063e96da3695d4611563d62737d
24 3e78d89b752d59d26696f0cff1c8474be63d2414 ,0.428263289279012,0.08860759493670886,0.022802231895679394,1.903254972875226,1105,718d0e361c36b3da6577d2b718a7d2cce626c57b
24 3e78d89b752d59d26696f0cff1c8474be63d2414 ,0.3287097946519172,0.4930817610062893,0.10307964146148188,1.5028930817610062,2869,eaf7803fe8421370005d6873a34100b474380d38
24 3e78d89b752d59d26696f0cff1c8474be63d2414 ,0.31262181027761793,0.5584453535943893,0.11605258345151423,1.4381940385739334,2869,63841b50abde7be7f36b38e66695e322dcbc90c9
24 3e78d89b752d59d26696f0cff1c8474be63d2414 ,0.30603787762160717,0.5851950993513847,0.12136169952382192,1.4117162565633687,2869,12b5d1af19957351a3a7da2294735440bfc34828
24 3e78d89b752d59d26696f0cff1c8474be63d2414 ,0.26261271648163564,0.7276897133220911,0.1414787535868338,1.2697470489038787,5112,409fad40b1d62eb940fdde6354a74f3e8d454d09
24 3e78d89b752d59d26696f0cff1c8474be63d2414 ,0.25557094913458933,0.7615117033193798,0.14957116834532824,1.2357761924414834,2136,9a1c0c332d096dda37d9c78df9082cd782e2c043
24 3e78d89b752d59d26696f0cff1c8474be63d2414 ,0.2501044255486847,0.7877677122061056,0.15585330945621895,1.2094046185264702,2136,cc406827f27a6e34d2407e7795c952a3ef205827
24 3e78d89b752d59d26696f0cff1c8474be63d2414 ,0.2457377460149152,0.8087411105354873,0.16087150732660077,1.188338906419253,2136,54d47d36c3b4ee51b0dbf2c15f42f148098292fa
24 3e78d89b752d59d26696f0cff1c8474be63d2414 ,0.24574176560359565,0.8084365142884045,0.1608109182743616,1.1882679723176874,8,ac1faedbfec77623b9a384b2f01ee6ffd3320f85
24 3e78d89b752d59d26696f0cff1c8474be63d2414 ,0.24574628402323137,0.8080941176470589,0.1607428101207395,1.1881882352941175,9,acca830ab5b2bf04e78ad11ed71a03e7ce3dbbbd
24 3e78d89b752d59d26696f0cff1c8474be63d2414 ,0.2449831445679422,0.8092252994011976,0.1604807203338528,1.1870789670658684,126,5dbf2ca6d553a063e96da3695d4611563d62737d
20 acca830ab5b2bf04e78ad11ed71a03e7ce3dbbbd ,0.428263289279012,0.08860759493670886,0.022802231895679394,1.903254972875226,1105,718d0e361c36b3da6577d2b718a7d2cce626c57b
20 acca830ab5b2bf04e78ad11ed71a03e7ce3dbbbd ,0.3287097946519172,0.4930817610062893,0.10307964146148188,1.5028930817610062,2869,eaf7803fe8421370005d6873a34100b474380d38
20 acca830ab5b2bf04e78ad11ed71a03e7ce3dbbbd ,0.31262181027761793,0.5584453535943893,0.11605258345151423,1.4381940385739334,2869,63841b50abde7be7f36b38e66695e322dcbc90c9
20 acca830ab5b2bf04e78ad11ed71a03e7ce3dbbbd ,0.30603787762160717,0.5851950993513847,0.12136169952382192,1.4117162565633687,2869,12b5d1af19957351a3a7da2294735440bfc34828
20 acca830ab5b2bf04e78ad11ed71a03e7ce3dbbbd ,0.26261271648163564,0.7276897133220911,0.1414787535868338,1.2697470489038787,5112,409fad40b1d62eb940fdde6354a74f3e8d454d09
20 acca830ab5b2bf04e78ad11ed71a03e7ce3dbbbd ,0.25557094913458933,0.7615117033193798,0.14957116834532824,1.2357761924414834,2136,9a1c0c332d096dda37d9c78df9082cd782e2c043
20 acca830ab5b2bf04e78ad11ed71a03e7ce3dbbbd ,0.2501044255486847,0.7877677122061056,0.15585330945621895,1.2094046185264702,2136,cc406827f27a6e34d2407e7795c952a3ef205827
20 acca830ab5b2bf04e78ad11ed71a03e7ce3dbbbd ,0.2457377460149152,0.8087411105354873,0.16087150732660077,1.188338906419253,2136,54d47d36c3b4ee51b0dbf2c15f42f148098292fa
20 acca830ab5b2bf04e78ad11ed71a03e7ce3dbbbd ,0.24574176560359565,0.8084365142884045,0.1608109182743616,1.1882679723176874,8,ac1faedbfec77623b9a384b2f01ee6ffd3320f85
20 acca830ab5b2bf04e78ad11ed71a03e7ce3dbbbd ,0.24574628402323137,0.8080941176470589,0.1607428101207395,1.1881882352941175,9,3e78d89b752d59d26696f0cff1c8474be63d2414
20 acca830ab5b2bf04e78ad11ed71a03e7ce3dbbbd ,0.2449831445679422,0.8092252994011976,0.1604807203338528,1.1870789670658684,126,5dbf2ca6d553a063e96da3695d4611563d62737d
21 acca830ab5b2bf04e78ad11ed71a03e7ce3dbbbd ,0.428263289279012,0.08860759493670886,0.022802231895679394,1.903254972875226,1105,718d0e361c36b3da6577d2b718a7d2cce626c57b
21 acca830ab5b2bf04e78ad11ed71a03e7ce3dbbbd ,0.3287097946519172,0.4930817610062893,0.10307964146148188,1.5028930817610062,2869,eaf7803fe8421370005d6873a34100b474380d38
21 acca830ab5b2bf04e78ad11ed71a03e7ce3dbbbd ,0.31262181027761793,0.5584453535943893,0.11605258345151423,1.4381940385739334,2869,63841b50abde7be7f36b38e66695e322dcbc90c9
21 acca830ab5b2bf04e78ad11ed71a03e7ce3dbbbd ,0.30603787762160717,0.5851950993513847,0.12136169952382192,1.4117162565633687,2869,12b5d1af19957351a3a7da2294735440bfc34828
21 acca830ab5b2bf04e78ad11ed71a03e7ce3dbbbd ,0.26261271648163564,0.7276897133220911,0.1414787535868338,1.2697470489038787,5112,409fad40b1d62eb940fdde6354a74f3e8d454d09
21 acca830ab5b2bf04e78ad11ed71a03e7ce3dbbbd ,0.25557094913458933,0.7615117033193798,0.14957116834532824,1.2357761924414834,2136,9a1c0c332d096dda37d9c78df9082cd782e2c043
21 acca830ab5b2bf04e78ad11ed71a03e7ce3dbbbd ,0.2501044255486847,0.7877677122061056,0.15585330945621895,1.2094046185264702,2136,cc406827f27a6e34d2407e7795c952a3ef205827
21 acca830ab5b2bf04e78ad11ed71a03e7ce3dbbbd ,0.2457377460149152,0.8087411105354873,0.16087150732660077,1.188338906419253,2136,54d47d36c3b4ee51b0dbf2c15f42f148098292fa
21 acca830ab5b2bf04e78ad11ed71a03e7ce3dbbbd ,0.24574176560359565,0.8084365142884045,0.1608109182743616,1.1882679723176874,8,ac1faedbfec77623b9a384b2f01ee6ffd3320f85
21 acca830ab5b2bf04e78ad11ed71a03e7ce3dbbbd ,0.24574628402323137,0.8080941176470589,0.1607428101207395,1.1881882352941175,9,3e78d89b752d59d26696f0cff1c8474be63d2414
21 acca830ab5b2bf04e78ad11ed71a03e7ce3dbbbd ,0.2449831445679422,0.8092252994011976,0.1604807203338528,1.1870789670658684,126,5dbf2ca6d553a063e96da3695d4611563d62737d
22 acca830ab5b2bf04e78ad11ed71a03e7ce3dbbbd ,0.428263289279012,0.08860759493670886,0.022802231895679394,1.903254972875226,1105,718d0e361c36b3da6577d2b718a7d2cce626c57b
22 acca830ab5b2bf04e78ad11ed71a03e7ce3dbbbd ,0.3287097946519172,0.4930817610062893,0.10307964146148188,1.5028930817610062,2869,eaf7803fe8421370005d6873a34100b474380d38
22 acca830ab5b2bf04e78ad11ed71a03e7ce3dbbbd ,0.31262181027761793,0.5584453535943893,0.11605258345151423,1.4381940385739334,2869,63841b50abde7be7f36b38e66695e322dcbc90c9
22 acca830ab5b2bf04e78ad11ed71a03e7ce3dbbbd ,0.30603787762160717,0.5851950993513847,0.12136169952382192,1.4117162565633687,2869,12b5d1af19957351a3a7da2294735440bfc34828
22 acca830ab5b2bf04e78ad11ed71a03e7ce3dbbbd ,0.26261271648163564,0.7276897133220911,0.1414787535868338,1.2697470489038787,5112,409fad40b1d62eb940fdde6354a74f3e8d454d09
22 acca830ab5b2bf04e78ad11ed71a03e7ce3dbbbd ,0.25557094913458933,0.7615117033193798,0.14957116834532824,1.2357761924414834,2136,9a1c0c332d096dda37d9c78df9082cd782e2c043
22 acca830ab5b2bf04e78ad11ed71a03e7ce3dbbbd ,0.2501044255486847,0.7877677122061056,0.15585330945621895,1.2094046185264702,2136,cc406827f27a6e34d2407e7795c952a3ef205827
22 acca830ab5b2bf04e78ad11ed71a03e7ce3dbbbd ,0.2457377460149152,0.8087411105354873,0.16087150732660077,1.188338906419253,2136,54d47d36c3b4ee51b0dbf2c15f42f148098292fa
22 acca830ab5b2bf04e78ad11ed71a03e7ce3dbbbd ,0.24574176560359565,0.8084365142884045,0.1608109182743616,1.1882679723176874,8,ac1faedbfec77623b9a384b2f01ee6ffd3320f85
22 acca830ab5b2bf04e78ad11ed71a03e7ce3dbbbd ,0.24574628402323137,0.8080941176470589,0.1607428101207395,1.1881882352941175,9,3e78d89b752d59d26696f0cff1c8474be63d2414
22 acca830ab5b2bf04e78ad11ed71a03e7ce3dbbbd ,0.2449831445679422,0.8092252994011976,0.1604807203338528,1.1870789670658684,126,5dbf2ca6d553a063e96da3695d4611563d62737d
24 acca830ab5b2bf04e78ad11ed71a03e7ce3dbbbd ,0.428263289279012,0.08860759493670886,0.022802231895679394,1.903254972875226,1105,718d0e361c36b3da6577d2b718a7d2cce626c57b
24 acca830ab5b2bf04e78ad11ed71a03e7ce3dbbbd ,0.3287097946519172,0.4930817610062893,0.10307964146148188,1.5028930817610062,2869,eaf7803fe8421370005d6873a34100b474380d38
24 acca830ab5b2bf04e78ad11ed71a03e7ce3dbbbd ,0.31262181027761793,0.5584453535943893,0.11605258345151423,1.4381940385739334,2869,63841b50abde7be7f36b38e66695e322dcbc90c9
24 acca830ab5b2bf04e78ad11ed71a03e7ce3dbbbd ,0.30603787762160717,0.5851950993513847,0.12136169952382192,1.4117162565633687,2869,12b5d1af19957351a3a7da2294735440bfc34828
24 acca830ab5b2bf04e78ad11ed71a03e7ce3dbbbd ,0.26261271648163564,0.7276897133220911,0.1414787535868338,1.2697470489038787,5112,409fad40b1d62eb940fdde6354a74f3e8d454d09
24 acca830ab5b2bf04e78ad11ed71a03e7ce3dbbbd ,0.25557094913458933,0.7615117033193798,0.14957116834532824,1.2357761924414834,2136,9a1c0c332d096dda37d9c78df9082cd782e2c043
24 acca830ab5b2bf04e78ad11ed71a03e7ce3dbbbd ,0.2501044255486847,0.7877677122061056,0.15585330945621895,1.2094046185264702,2136,cc406827f27a6e34d2407e7795c952a3ef205827
24 acca830ab5b2bf04e78ad11ed71a03e7ce3dbbbd ,0.2457377460149152,0.8087411105354873,0.16087150732660077,1.188338906419253,2136,54d47d36c3b4ee51b0dbf2c15f42f148098292fa
24 acca830ab5b2bf04e78ad11ed71a03e7ce3dbbbd ,0.24574176560359565,0.8084365142884045,0.1608109182743616,1.1882679723176874,8,ac1faedbfec77623b9a384b2f01ee6ffd3320f85
24 acca830ab5b2bf04e78ad11ed71a03e7ce3dbbbd ,0.24574628402323137,0.8080941176470589,0.1607428101207395,1.1881882352941175,9,3e78d89b752d59d26696f0cff1c8474be63d2414
24 acca830ab5b2bf04e78ad11ed71a03e7ce3dbbbd ,0.2449831445679422,0.8092252994011976,0.1604807203338528,1.1870789670658684,126,5dbf2ca6d553a063e96da3695d4611563d62737d
20 5dbf2ca6d553a063e96da3695d4611563d62737d ,0.428263289279012,0.08860759493670886,0.022802231895679394,1.903254972875226,1105,718d0e361c36b3da6577d2b718a7d2cce626c57b
20 5dbf2ca6d553a063e96da3695d4611563d62737d ,0.3287097946519172,0.4930817610062893,0.10307964146148188,1.5028930817610062,2869,eaf7803fe8421370005d6873a34100b474380d38
20 5dbf2ca6d553a063e96da3695d4611563d62737d ,0.31262181027761793,0.5584453535943893,0.11605258345151423,1.4381940385739334,2869,63841b50abde7be7f36b38e66695e322dcbc90c9
20 5dbf2ca6d553a063e96da3695d4611563d62737d ,0.30603787762160717,0.5851950993513847,0.12136169952382192,1.4117162565633687,2869,12b5d1af19957351a3a7da2294735440bfc34828
20 5dbf2ca6d553a063e96da3695d4611563d62737d ,0.26261271648163564,0.7276897133220911,0.1414787535868338,1.2697470489038787,5112,409fad40b1d62eb940fdde6354a74f3e8d454d09
20 5dbf2ca6d553a063e96da3695d4611563d62737d ,0.25557094913458933,0.7615117033193798,0.14957116834532824,1.2357761924414834,2136,9a1c0c332d096dda37d9c78df9082cd782e2c043
20 5dbf2ca6d553a063e96da3695d4611563d62737d ,0.2501044255486847,0.7877677122061056,0.15585330945621895,1.2094046185264702,2136,cc406827f27a6e34d2407e7795c952a3ef205827
20 5dbf2ca6d553a063e96da3695d4611563d62737d ,0.2457377460149152,0.8087411105354873,0.16087150732660077,1.188338906419253,2136,54d47d36c3b4ee51b0dbf2c15f42f148098292fa
20 5dbf2ca6d553a063e96da3695d4611563d62737d ,0.24574176560359565,0.8084365142884045,0.1608109182743616,1.1882679723176874,8,ac1faedbfec77623b9a384b2f01ee6ffd3320f85
20 5dbf2ca6d553a063e96da3695d4611563d62737d ,0.24574628402323137,0.8080941176470589,0.1607428101207395,1.1881882352941175,9,3e78d89b752d59d26696f0cff1c8474be63d2414
20 5dbf2ca6d553a063e96da3695d4611563d62737d ,0.24575079861712018,0.8077520109130251,0.16067475963430614,1.1881085657839032,9,acca830ab5b2bf04e78ad11ed71a03e7ce3dbbbd
21 5dbf2ca6d553a063e96da3695d4611563d62737d ,0.428263289279012,0.08860759493670886,0.022802231895679394,1.903254972875226,1105,718d0e361c36b3da6577d2b718a7d2cce626c57b
21 5dbf2ca6d553a063e96da3695d4611563d62737d ,0.3287097946519172,0.4930817610062893,0.10307964146148188,1.5028930817610062,2869,eaf7803fe8421370005d6873a34100b474380d38
21 5dbf2ca6d553a063e96da3695d4611563d62737d ,0.31262181027761793,0.5584453535943893,0.11605258345151423,1.4381940385739334,2869,63841b50abde7be7f36b38e66695e322dcbc90c9
21 5dbf2ca6d553a063e96da3695d4611563d62737d ,0.30603787762160717,0.5851950993513847,0.12136169952382192,1.4117162565633687,2869,12b5d1af19957351a3a7da2294735440bfc34828
21 5dbf2ca6d553a063e96da3695d4611563d62737d ,0.26261271648163564,0.7276897133220911,0.1414787535868338,1.2697470489038787,5112,409fad40b1d62eb940fdde6354a74f3e8d454d09
21 5dbf2ca6d553a063e96da3695d4611563d62737d ,0.25557094913458933,0.7615117033193798,0.14957116834532824,1.2357761924414834,2136,9a1c0c332d096dda37d9c78df9082cd782e2c043
21 5dbf2ca6d553a063e96da3695d4611563d62737d ,0.2501044255486847,0.7877677122061056,0.15585330945621895,1.2094046185264702,2136,cc406827f27a6e34d2407e7795c952a3ef205827
21 5dbf2ca6d553a063e96da3695d4611563d62737d ,0.2457377460149152,0.8087411105354873,0.16087150732660077,1.188338906419253,2136,54d47d36c3b4ee51b0dbf2c15f42f148098292fa
21 5dbf2ca6d553a063e96da3695d4611563d62737d ,0.24574176560359565,0.8084365142884045,0.1608109182743616,1.1882679723176874,8,ac1faedbfec77623b9a384b2f01ee6ffd3320f85
21 5dbf2ca6d553a063e96da3695d4611563d62737d ,0.24574628402323137,0.8080941176470589,0.1607428101207395,1.1881882352941175,9,3e78d89b752d59d26696f0cff1c8474be63d2414
21 5dbf2ca6d553a063e96da3695d4611563d62737d ,0.24575079861712018,0.8077520109130251,0.16067475963430614,1.1881085657839032,9,acca830ab5b2bf04e78ad11ed71a03e7ce3dbbbd
22 5dbf2ca6d553a063e96da3695d4611563d62737d ,0.428263289279012,0.08860759493670886,0.022802231895679394,1.903254972875226,1105,718d0e361c36b3da6577d2b718a7d2cce626c57b
22 5dbf2ca6d553a063e96da3695d4611563d62737d ,0.3287097946519172,0.4930817610062893,0.10307964146148188,1.5028930817610062,2869,eaf7803fe8421370005d6873a34100b474380d38
22 5dbf2ca6d553a063e96da3695d4611563d62737d ,0.31262181027761793,0.5584453535943893,0.11605258345151423,1.4381940385739334,2869,63841b50abde7be7f36b38e66695e322dcbc90c9
22 5dbf2ca6d553a063e96da3695d4611563d62737d ,0.30603787762160717,0.5851950993513847,0.12136169952382192,1.4117162565633687,2869,12b5d1af19957351a3a7da2294735440bfc34828
22 5dbf2ca6d553a063e96da3695d4611563d62737d ,0.26261271648163564,0.7276897133220911,0.1414787535868338,1.2697470489038787,5112,409fad40b1d62eb940fdde6354a74f3e8d454d09
22 5dbf2ca6d553a063e96da3695d4611563d62737d ,0.25557094913458933,0.7615117033193798,0.14957116834532824,1.2357761924414834,2136,9a1c0c332d096dda37d9c78df9082cd782e2c043
22 5dbf2ca6d553a063e96da3695d4611563d62737d ,0.2501044255486847,0.7877677122061056,0.15585330945621895,1.2094046185264702,2136,cc406827f27a6e34d2407e7795c952a3ef205827
22 5dbf2ca6d553a063e96da3695d4611563d62737d ,0.2457377460149152,0.8087411105354873,0.16087150732660077,1.188338906419253,2136,54d47d36c3b4ee51b0dbf2c15f42f148098292fa
22 5dbf2ca6d553a063e96da3695d4611563d62737d ,0.24574176560359565,0.8084365142884045,0.1608109182743616,1.1882679723176874,8,ac1faedbfec77623b9a384b2f01ee6ffd3320f85
22 5dbf2ca6d553a063e96da3695d4611563d62737d ,0.24574628402323137,0.8080941176470589,0.1607428101207395,1.1881882352941175,9,3e78d89b752d59d26696f0cff1c8474be63d2414
22 5dbf2ca6d553a063e96da3695d4611563d62737d ,0.24575079861712018,0.8077520109130251,0.16067475963430614,1.1881085657839032,9,acca830ab5b2bf04e78ad11ed71a03e7ce3dbbbd
24 5dbf2ca6d553a063e96da3695d4611563d62737d ,0.428263289279012,0.08860759493670886,0.022802231895679394,1.903254972875226,1105,718d0e361c36b3da6577d2b718a7d2cce626c57b
24 5dbf2ca6d553a063e96da3695d4611563d62737d ,0.3287097946519172,0.4930817610062893,0.10307964146148188,1.5028930817610062,2869,eaf7803fe8421370005d6873a34100b474380d38
24 5dbf2ca6d553a063e96da3695d4611563d62737d ,0.31262181027761793,0.5584453535943893,0.11605258345151423,1.4381940385739334,2869,63841b50abde7be7f36b38e66695e322dcbc90c9
24 5dbf2ca6d553a063e96da3695d4611563d62737d ,0.30603787762160717,0.5851950993513847,0.12136169952382192,1.4117162565633687,2869,12b5d1af19957351a3a7da2294735440bfc34828
24 5dbf2ca6d553a063e96da3695d4611563d62737d ,0.26261271648163564,0.7276897133220911,0.1414787535868338,1.2697470489038787,5112,409fad40b1d62eb940fdde6354a74f3e8d454d09
24 5dbf2ca6d553a063e96da3695d4611563d62737d ,0.25557094913458933,0.7615117033193798,0.14957116834532824,1.2357761924414834,2136,9a1c0c332d096dda37d9c78df9082cd782e2c043
24 5dbf2ca6d553a063e96da3695d4611563d62737d ,0.2501044255486847,0.7877677122061056,0.15585330945621895,1.2094046185264702,2136,cc406827f27a6e34d2407e7795c952a3ef205827
24 5dbf2ca6d553a063e96da3695d4611563d62737d ,0.2457377460149152,0.8087411105354873,0.16087150732660077,1.188338906419253,2136,54d47d36c3b4ee51b0dbf2c15f42f148098292fa
24 5dbf2ca6d553a063e96da3695d4611563d62737d ,0.24574176560359565,0.8084365142884045,0.1608109182743616,1.1882679723176874,8,ac1faedbfec77623b9a384b2f01ee6ffd3320f85
24 5dbf2ca6d553a063e96da3695d4611563d62737d ,0.24574628402323137,0.8080941176470589,0.1607428101207395,1.1881882352941175,9,3e78d89b752d59d26696f0cff1c8474be63d2414
24 5dbf2ca6d553a063e96da3695d4611563d62737d ,0.24575079861712018,0.8077520109130251,0.16067475963430614,1.1881085657839032,9,acca830ab5b2bf04e78ad11ed71a03e7ce3dbbbd
20 718d0e361c36b3da6577d2b718a7d2cce626c57b ,0.29879910391655656,0.6131386861313869,0.12661949607576917,1.3837879369957742,2602,eaf7803fe8421370005d6873a34100b474380d38
20 718d0e361c36b3da6577d2b718a7d2cce626c57b ,0.2988565100844611,0.6132564841498559,0.12664382258798546,1.3840537944284341,2602,63841b50abde7be7f36b38e66695e322dcbc90c9
20 718d0e361c36b3da6577d2b718a7d2cce626c57b ,0.2988756503758519,0.6132957602151915,0.12665193350271486,1.3841424362751378,2602,12b5d1af19957351a3a7da2294735440bfc34828
20 718d0e361c36b3da6577d2b718a7d2cce626c57b ,0.2556126927461854,0.7535830618892508,0.14597544279310937,1.2442182410423452,4473,409fad40b1d62eb940fdde6354a74f3e8d454d09
20 718d0e361c36b3da6577d2b718a7d2cce626c57b ,0.24915125062200802,0.7856385610290479,0.15386958398700046,1.2119584422927416,1869,9a1c0c332d096dda37d9c78df9082cd782e2c043
20 718d0e361c36b3da6577d2b718a7d2cce626c57b ,0.24419766657375616,0.8102135098014733,0.15992152891527237,1.1872268697715072,1869,cc406827f27a6e34d2407e7795c952a3ef205827
20 718d0e361c36b3da6577d2b718a7d2cce626c57b ,0.2402792755244596,0.8296528204841505,0.1647087469389834,1.167663666349863,1869,54d47d36c3b4ee51b0dbf2c15f42f148098292fa
20 718d0e361c36b3da6577d2b718a7d2cce626c57b ,0.2402855858444663,0.8293282664580306,0.1646443140995639,1.1675980775678998,7,ac1faedbfec77623b9a384b2f01ee6ffd3320f85
20 718d0e361c36b3da6577d2b718a7d2cce626c57b ,0.2402927915960318,0.8289576583621941,0.16457073826933283,1.1675231817674003,8,3e78d89b752d59d26696f0cff1c8474be63d2414
20 718d0e361c36b3da6577d2b718a7d2cce626c57b ,0.2402999909102983,0.8285873813512005,0.16449722816848666,1.1674483528754886,8,acca830ab5b2bf04e78ad11ed71a03e7ce3dbbbd
20 718d0e361c36b3da6577d2b718a7d2cce626c57b ,0.23952924719883295,0.8296526467650649,0.16419757032025148,1.1664077238930197,112,5dbf2ca6d553a063e96da3695d4611563d62737d
21 718d0e361c36b3da6577d2b718a7d2cce626c57b ,0.29879910391655656,0.6131386861313869,0.12661949607576917,1.3837879369957742,2602,eaf7803fe8421370005d6873a34100b474380d38
21 718d0e361c36b3da6577d2b718a7d2cce626c57b ,0.2988565100844611,0.6132564841498559,0.12664382258798546,1.3840537944284341,2602,63841b50abde7be7f36b38e66695e322dcbc90c9
21 718d0e361c36b3da6577d2b718a7d2cce626c57b ,0.2988756503758519,0.6132957602151915,0.12665193350271486,1.3841424362751378,2602,12b5d1af19957351a3a7da2294735440bfc34828
21 718d0e361c36b3da6577d2b718a7d2cce626c57b ,0.2556126927461854,0.7535830618892508,0.14597544279310937,1.2442182410423452,4473,409fad40b1d62eb940fdde6354a74f3e8d454d09
21 718d0e361c36b3da6577d2b718a7d2cce626c57b ,0.24915125062200802,0.7856385610290479,0.15386958398700046,1.2119584422927416,1869,9a1c0c332d096dda37d9c78df9082cd782e2c043
21 718d0e361c36b3da6577d2b718a7d2cce626c57b ,0.24419766657375616,0.8102135098014733,0.15992152891527237,1.1872268697715072,1869,cc406827f27a6e34d2407e7795c952a3ef205827
21 718d0e361c36b3da6577d2b718a7d2cce626c57b ,0.2402792755244596,0.8296528204841505,0.1647087469389834,1.167663666349863,1869,54d47d36c3b4ee51b0dbf2c15f42f148098292fa
21 718d0e361c36b3da6577d2b718a7d2cce626c57b ,0.2402855858444663,0.8293282664580306,0.1646443140995639,1.1675980775678998,7,ac1faedbfec77623b9a384b2f01ee6ffd3320f85
21 718d0e361c36b3da6577d2b718a7d2cce626c57b ,0.2402927915960318,0.8289576583621941,0.16457073826933283,1.1675231817674003,8,3e78d89b752d59d26696f0cff1c8474be63d2414
21 718d0e361c36b3da6577d2b718a7d2cce626c57b ,0.2402999909102983,0.8285873813512005,0.16449722816848666,1.1674483528754886,8,acca830ab5b2bf04e78ad11ed71a03e7ce3dbbbd
21 718d0e361c36b3da6577d2b718a7d2cce626c57b ,0.23952924719883295,0.8296526467650649,0.16419757032025148,1.1664077238930197,112,5dbf2ca6d553a063e96da3695d4611563d62737d
22 718d0e361c36b3da6577d2b718a7d2cce626c57b ,0.29879910391655656,0.6131386861313869,0.12661949607576917,1.3837879369957742,2602,eaf7803fe8421370005d6873a34100b474380d38
22 718d0e361c36b3da6577d2b718a7d2cce626c57b ,0.2988565100844611,0.6132564841498559,0.12664382258798546,1.3840537944284341,2602,63841b50abde7be7f36b38e66695e322dcbc90c9
22 718d0e361c36b3da6577d2b718a7d2cce626c57b ,0.2988756503758519,0.6132957602151915,0.12665193350271486,1.3841424362751378,2602,12b5d1af19957351a3a7da2294735440bfc34828
22 718d0e361c36b3da6577d2b718a7d2cce626c57b ,0.2556126927461854,0.7535830618892508,0.14597544279310937,1.2442182410423452,4473,409fad40b1d62eb940fdde6354a74f3e8d454d09
22 718d0e361c36b3da6577d2b718a7d2cce626c57b ,0.24915125062200802,0.7856385610290479,0.15386958398700046,1.2119584422927416,1869,9a1c0c332d096dda37d9c78df9082cd782e2c043
22 718d0e361c36b3da6577d2b718a7d2cce626c57b ,0.24419766657375616,0.8102135098014733,0.15992152891527237,1.1872268697715072,1869,cc406827f27a6e34d2407e7795c952a3ef205827
22 718d0e361c36b3da6577d2b718a7d2cce626c57b ,0.2402792755244596,0.8296528204841505,0.1647087469389834,1.167663666349863,1869,54d47d36c3b4ee51b0dbf2c15f42f148098292fa
22 718d0e361c36b3da6577d2b718a7d2cce626c57b ,0.2402855858444663,0.8293282664580306,0.1646443140995639,1.1675980775678998,7,ac1faedbfec77623b9a384b2f01ee6ffd3320f85
22 718d0e361c36b3da6577d2b718a7d2cce626c57b ,0.2402927915960318,0.8289576583621941,0.16457073826933283,1.1675231817674003,8,3e78d89b752d59d26696f0cff1c8474be63d2414
22 718d0e361c36b3da6577d2b718a7d2cce626c57b ,0.2402999909102983,0.8285873813512005,0.16449722816848666,1.1674483528754886,8,acca830ab5b2bf04e78ad11ed71a03e7ce3dbbbd
22 718d0e361c36b3da6577d2b718a7d2cce626c57b ,0.23952924719883295,0.8296526467650649,0.16419757032025148,1.1664077238930197,112,5dbf2ca6d553a063e96da3695d4611563d62737d
24 718d0e361c36b3da6577d2b718a7d2cce626c57b ,0.29879910391655656,0.6131386861313869,0.12661949607576917,1.3837879369957742,2602,eaf7803fe8421370005d6873a34100b474380d38
24 718d0e361c36b3da6577d2b718a7d2cce626c57b ,0.2988565100844611,0.6132564841498559,0.12664382258798546,1.3840537944284341,2602,63841b50abde7be7f36b38e66695e322dcbc90c9
24 718d0e361c36b3da6577d2b718a7d2cce626c57b ,0.2988756503758519,0.6132957602151915,0.12665193350271486,1.3841424362751378,2602,12b5d1af19957351a3a7da2294735440bfc34828
24 718d0e361c36b3da6577d2b718a7d2cce626c57b ,0.2556126927461854,0.7535830618892508,0.14597544279310937,1.2442182410423452,4473,409fad40b1d62eb940fdde6354a74f3e8d454d09
24 718d0e361c36b3da6577d2b718a7d2cce626c57b ,0.24915125062200802,0.7856385610290479,0.15386958398700046,1.2119584422927416,1869,9a1c0c332d096dda37d9c78df9082cd782e2c043
24 718d0e361c36b3da6577d2b718a7d2cce626c57b ,0.24419766657375616,0.8102135098014733,0.15992152891527237,1.1872268697715072,1869,cc406827f27a6e34d2407e7795c952a3ef205827
24 718d0e361c36b3da6577d2b718a7d2cce626c57b ,0.2402792755244596,0.8296528204841505,0.1647087469389834,1.167663666349863,1869,54d47d36c3b4ee51b0dbf2c15f42f148098292fa
24 718d0e361c36b3da6577d2b718a7d2cce626c57b ,0.2402855858444663,0.8293282664580306,0.1646443140995639,1.1675980775678998,7,ac1faedbfec77623b9a384b2f01ee6ffd3320f85
24 718d0e361c36b3da6577d2b718a7d2cce626c57b ,0.2402927915960318,0.8289576583621941,0.16457073826933283,1.1675231817674003,8,3e78d89b752d59d26696f0cff1c8474be63d2414
24 718d0e361c36b3da6577d2b718a7d2cce626c57b ,0.2402999909102983,0.8285873813512005,0.16449722816848666,1.1674483528754886,8,acca830ab5b2bf04e78ad11ed71a03e7ce3dbbbd
24 718d0e361c36b3da6577d2b718a7d2cce626c57b ,0.23952924719883295,0.8296526467650649,0.16419757032025148,1.1664077238930197,112,5dbf2ca6d553a063e96da3695d4611563d62737d
20 30d2ba7d25a7a0f5b9e3b3bf1c76926b31193c1a ,0.428263289279012,0.08860759493670886,0.022802231895679394,1.903254972875226,1105,718d0e361c36b3da6577d2b718a7d2cce626c57b
20 30d2ba7d25a7a0f5b9e3b3bf1c76926b31193c1a ,0.3287097946519172,0.4930817610062893,0.10307964146148188,1.5028930817610062,2869,eaf7803fe8421370005d6873a34100b474380d38
20 30d2ba7d25a7a0f5b9e3b3bf1c76926b31193c1a ,0.31262181027761793,0.5584453535943893,0.11605258345151423,1.4381940385739334,2869,63841b50abde7be7f36b38e66695e322dcbc90c9
20 30d2ba7d25a7a0f5b9e3b3bf1c76926b31193c1a ,0.30603787762160717,0.5851950993513847,0.12136169952382192,1.4117162565633687,2869,12b5d1af19957351a3a7da2294735440bfc34828
20 30d2ba7d25a7a0f5b9e3b3bf1c76926b31193c1a ,0.26261271648163564,0.7276897133220911,0.1414787535868338,1.2697470489038787,5112,409fad40b1d62eb940fdde6354a74f3e8d454d09
20 30d2ba7d25a7a0f5b9e3b3bf1c76926b31193c1a ,0.25557094913458933,0.7615117033193798,0.14957116834532824,1.2357761924414834,2136,9a1c0c332d096dda37d9c78df9082cd782e2c043
20 30d2ba7d25a7a0f5b9e3b3bf1c76926b31193c1a ,0.2501044255486847,0.7877677122061056,0.15585330945621895,1.2094046185264702,2136,cc406827f27a6e34d2407e7795c952a3ef205827
20 30d2ba7d25a7a0f5b9e3b3bf1c76926b31193c1a ,0.2457377460149152,0.8087411105354873,0.16087150732660077,1.188338906419253,2136,54d47d36c3b4ee51b0dbf2c15f42f148098292fa
20 30d2ba7d25a7a0f5b9e3b3bf1c76926b31193c1a ,0.24574176560359565,0.8084365142884045,0.1608109182743616,1.1882679723176874,8,ac1faedbfec77623b9a384b2f01ee6ffd3320f85
20 30d2ba7d25a7a0f5b9e3b3bf1c76926b31193c1a ,0.24574628402323137,0.8080941176470589,0.1607428101207395,1.1881882352941175,9,3e78d89b752d59d26696f0cff1c8474be63d2414
20 30d2ba7d25a7a0f5b9e3b3bf1c76926b31193c1a ,0.24575079861712018,0.8077520109130251,0.16067475963430614,1.1881085657839032,9,acca830ab5b2bf04e78ad11ed71a03e7ce3dbbbd
20 30d2ba7d25a7a0f5b9e3b3bf1c76926b31193c1a ,0.24498795373355267,0.8088847322889876,0.1604131811015402,1.1870002338087444,126,5dbf2ca6d553a063e96da3695d4611563d62737d
21 30d2ba7d25a7a0f5b9e3b3bf1c76926b31193c1a ,0.428263289279012,0.08860759493670886,0.022802231895679394,1.903254972875226,1105,718d0e361c36b3da6577d2b718a7d2cce626c57b
21 30d2ba7d25a7a0f5b9e3b3bf1c76926b31193c1a ,0.3287097946519172,0.4930817610062893,0.10307964146148188,1.5028930817610062,2869,eaf7803fe8421370005d6873a34100b474380d38
21 30d2ba7d25a7a0f5b9e3b3bf1c76926b31193c1a ,0.31262181027761793,0.5584453535943893,0.11605258345151423,1.4381940385739334,2869,63841b50abde7be7f36b38e66695e322dcbc90c9
21 30d2ba7d25a7a0f5b9e3b3bf1c76926b31193c1a ,0.30603787762160717,0.5851950993513847,0.12136169952382192,1.4117162565633687,2869,12b5d1af19957351a3a7da2294735440bfc34828
21 30d2ba7d25a7a0f5b9e3b3bf1c76926b31193c1a ,0.26261271648163564,0.7276897133220911,0.1414787535868338,1.2697470489038787,5112,409fad40b1d62eb940fdde6354a74f3e8d454d09
21 30d2ba7d25a7a0f5b9e3b3bf1c76926b31193c1a ,0.25557094913458933,0.7615117033193798,0.14957116834532824,1.2357761924414834,2136,9a1c0c332d096dda37d9c78df9082cd782e2c043
21 30d2ba7d25a7a0f5b9e3b3bf1c76926b31193c1a ,0.2501044255486847,0.7877677122061056,0.15585330945621895,1.2094046185264702,2136,cc406827f27a6e34d2407e7795c952a3ef205827
21 30d2ba7d25a7a0f5b9e3b3bf1c76926b31193c1a ,0.2457377460149152,0.8087411105354873,0.16087150732660077,1.188338906419253,2136,54d47d36c3b4ee51b0dbf2c15f42f148098292fa
21 30d2ba7d25a7a0f5b9e3b3bf1c76926b31193c1a ,0.24574176560359565,0.8084365142884045,0.1608109182743616,1.1882679723176874,8,ac1faedbfec77623b9a384b2f01ee6ffd3320f85
21 30d2ba7d25a7a0f5b9e3b3bf1c76926b31193c1a ,0.24574628402323137,0.8080941176470589,0.1607428101207395,1.1881882352941175,9,3e78d89b752d59d26696f0cff1c8474be63d2414
21 30d2ba7d25a7a0f5b9e3b3bf1c76926b31193c1a ,0.24575079861712018,0.8077520109130251,0.16067475963430614,1.1881085657839032,9,acca830ab5b2bf04e78ad11ed71a03e7ce3dbbbd
21 30d2ba7d25a7a0f5b9e3b3bf1c76926b31193c1a ,0.24498795373355267,0.8088847322889876,0.1604131811015402,1.1870002338087444,126,5dbf2ca6d553a063e96da3695d4611563d62737d
22 30d2ba7d25a7a0f5b9e3b3bf1c76926b31193c1a ,0.428263289279012,0.08860759493670886,0.022802231895679394,1.903254972875226,1105,718d0e361c36b3da6577d2b718a7d2cce626c57b
22 30d2ba7d25a7a0f5b9e3b3bf1c76926b31193c1a ,0.3287097946519172,0.4930817610062893,0.10307964146148188,1.5028930817610062,2869,eaf7803fe8421370005d6873a34100b474380d38
22 30d2ba7d25a7a0f5b9e3b3bf1c76926b31193c1a ,0.31262181027761793,0.5584453535943893,0.11605258345151423,1.4381940385739334,2869,63841b50abde7be7f36b38e66695e322dcbc90c9
22 30d2ba7d25a7a0f5b9e3b3bf1c76926b31193c1a ,0.30603787762160717,0.5851950993513847,0.12136169952382192,1.4117162565633687,2869,12b5d1af19957351a3a7da2294735440bfc34828
22 30d2ba7d25a7a0f5b9e3b3bf1c76926b31193c1a ,0.26261271648163564,0.7276897133220911,0.1414787535868338,1.2697470489038787,5112,409fad40b1d62eb940fdde6354a74f3e8d454d09
22 30d2ba7d25a7a0f5b9e3b3bf1c76926b31193c1a ,0.25557094913458933,0.7615117033193798,0.14957116834532824,1.2357761924414834,2136,9a1c0c332d096dda37d9c78df9082cd782e2c043
22 30d2ba7d25a7a0f5b9e3b3bf1c76926b31193c1a ,0.2501044255486847,0.7877677122061056,0.15585330945621895,1.2094046185264702,2136,cc406827f27a6e34d2407e7795c952a3ef205827
22 30d2ba7d25a7a0f5b9e3b3bf1c76926b31193c1a ,0.2457377460149152,0.8087411105354873,0.16087150732660077,1.188338906419253,2136,54d47d36c3b4ee51b0dbf2c15f42f148098292fa
22 30d2ba7d25a7a0f5b9e3b3bf1c76926b31193c1a ,0.24574176560359565,0.8084365142884045,0.1608109182743616,1.1882679723176874,8,ac1faedbfec77623b9a384b2f01ee6ffd3320f85
22 30d2ba7d25a7a0f5b9e3b3bf1c76926b31193c1a ,0.24574628402323137,0.8080941176470589,0.1607428101207395,1.1881882352941175,9,3e78d89b752d59d26696f0cff1c8474be63d2414
22 30d2ba7d25a7a0f5b9e3b3bf1c76926b31193c1a ,0.24575079861712018,0.8077520109130251,0.16067475963430614,1.1881085657839032,9,acca830ab5b2bf04e78ad11ed71a03e7ce3dbbbd
22 30d2ba7d25a7a0f5b9e3b3bf1c76926b31193c1a ,0.24498795373355267,0.8088847322889876,0.1604131811015402,1.1870002338087444,126,5dbf2ca6d553a063e96da3695d4611563d62737d
24 30d2ba7d25a7a0f5b9e3b3bf1c76926b31193c1a ,0.428263289279012,0.08860759493670886,0.022802231895679394,1.903254972875226,1105,718d0e361c36b3da6577d2b718a7d2cce626c57b
24 30d2ba7d25a7a0f5b9e3b3bf1c76926b31193c1a ,0.3287097946519172,0.4930817610062893,0.10307964146148188,1.5028930817610062,2869,eaf7803fe8421370005d6873a34100b474380d38
24 30d2ba7d25a7a0f5b9e3b3bf1c76926b31193c1a ,0.31262181027761793,0.5584453535943893,0.11605258345151423,1.4381940385739334,2869,63841b50abde7be7f36b38e66695e322dcbc90c9
24 30d2ba7d25a7a0f5b9e3b3bf1c76926b31193c1a ,0.30603787762160717,0.5851950993513847,0.12136169952382192,1.4117162565633687,2869,12b5d1af19957351a3a7da2294735440bfc34828
24 30d2ba7d25a7a0f5b9e3b3bf1c76926b31193c1a ,0.26261271648163564,0.7276897133220911,0.1414787535868338,1.2697470489038787,5112,409fad40b1d62eb940fdde6354a74f3e8d454d09
24 30d2ba7d25a7a0f5b9e3b3bf1c76926b31193c1a ,0.25557094913458933,0.7615117033193798,0.14957116834532824,1.2357761924414834,2136,9a1c0c332d096dda37d9c78df9082cd782e2c043
24 30d2ba7d25a7a0f5b9e3b3bf1c76926b31193c1a ,0.2501044255486847,0.7877677122061056,0.15585330945621895,1.2094046185264702,2136,cc406827f27a6e34d2407e7795c952a3ef205827
24 30d2ba7d25a7a0f5b9e3b3bf1c76926b31193c1a ,0.2457377460149152,0.8087411105354873,0.16087150732660077,1.188338906419253,2136,54d47d36c3b4ee51b0dbf2c15f42f148098292fa
24 30d2ba7d25a7a0f5b9e3b3bf1c76926b31193c1a ,0.24574176560359565,0.8084365142884045,0.1608109182743616,1.1882679723176874,8,ac1faedbfec77623b9a384b2f01ee6ffd3320f85
24 30d2ba7d25a7a0f5b9e3b3bf1c76926b31193c1a ,0.24574628402323137,0.8080941176470589,0.1607428101207395,1.1881882352941175,9,3e78d89b752d59d26696f0cff1c8474be63d2414
24 30d2ba7d25a7a0f5b9e3b3bf1c76926b31193c1a ,0.24575079861712018,0.8077520109130251,0.16067475963430614,1.1881085657839032,9,acca830ab5b2bf04e78ad11ed71a03e7ce3dbbbd
24 30d2ba7d25a7a0f5b9e3b3bf1c76926b31193c1a ,0.24498795373355267,0.8088847322889876,0.1604131811015402,1.1870002338087444,126,5dbf2ca6d553a063e96da3695d4611563d62737d
20 eaf7803fe8421370005d6873a34100b474380d38 ,0.4306141476138038,0.076993583868011,0.019813488393312626,1.915673693858845,1090,718d0e361c36b3da6577d2b718a7d2cce626c57b
20 eaf7803fe8421370005d6873a34100b474380d38 ,0.33782131127578974,0.45491470349309504,0.09510074847612575,1.5412943406444626,2602,63841b50abde7be7f36b38e66695e322dcbc90c9
20 eaf7803fe8421370005d6873a34100b474380d38 ,0.32173918507327,0.5204130262112788,0.10814894557705623,1.4764098490865767,2602,12b5d1af19957351a3a7da2294735440bfc34828
20 eaf7803fe8421370005d6873a34100b474380d38 ,0.2629039593680442,0.7189821693907875,0.13787188011249715,1.2785104011887072,4473,409fad40b1d62eb940fdde6354a74f3e8d454d09
20 eaf7803fe8421370005d6873a34100b474380d38 ,0.25459104317502057,0.7599905040753343,0.1479090536823625,1.2373189839360608,1869,9a1c0c332d096dda37d9c78df9082cd782e2c043
20 eaf7803fe8421370005d6873a34100b474380d38 ,0.24842025304910859,0.7904315455673514,0.1553597833804441,1.2067420377774714,1869,cc406827f27a6e34d2407e7795c952a3ef205827
20 eaf7803fe8421370005d6873a34100b474380d38 ,0.24365809886155748,0.8139236641221375,0.16110969917859452,1.183145038167939,1869,54d47d36c3b4ee51b0dbf2c15f42f148098292fa
20 eaf7803fe8421370005d6873a34100b474380d38 ,0.24366354783621505,0.8135758759614211,0.16104085728540382,1.1830667806128679,7,ac1faedbfec77623b9a384b2f01ee6ffd3320f85
20 eaf7803fe8421370005d6873a34100b474380d38 ,0.24366976953655622,0.8131787675411837,0.16096225284011503,1.1829774252593044,8,3e78d89b752d59d26696f0cff1c8474be63d2414
20 eaf7803fe8421370005d6873a34100b474380d38 ,0.2436759851662055,0.8127820465910477,0.1608837250914432,1.1828881570923284,8,acca830ab5b2bf04e78ad11ed71a03e7ce3dbbbd
20 eaf7803fe8421370005d6873a34100b474380d38 ,0.24281175412292028,0.8140520896426409,0.16058113748415878,1.1816474863718958,112,5dbf2ca6d553a063e96da3695d4611563d62737d
21 eaf7803fe8421370005d6873a34100b474380d38 ,0.4306141476138038,0.076993583868011,0.019813488393312626,1.915673693858845,1090,718d0e361c36b3da6577d2b718a7d2cce626c57b
21 eaf7803fe8421370005d6873a34100b474380d38 ,0.33782131127578974,0.45491470349309504,0.09510074847612575,1.5412943406444626,2602,63841b50abde7be7f36b38e66695e322dcbc90c9
21 eaf7803fe8421370005d6873a34100b474380d38 ,0.32173918507327,0.5204130262112788,0.10814894557705623,1.4764098490865767,2602,12b5d1af19957351a3a7da2294735440bfc34828
21 eaf7803fe8421370005d6873a34100b474380d38 ,0.2629039593680442,0.7189821693907875,0.13787188011249715,1.2785104011887072,4473,409fad40b1d62eb940fdde6354a74f3e8d454d09
21 eaf7803fe8421370005d6873a34100b474380d38 ,0.25459104317502057,0.7599905040753343,0.1479090536823625,1.2373189839360608,1869,9a1c0c332d096dda37d9c78df9082cd782e2c043
21 eaf7803fe8421370005d6873a34100b474380d38 ,0.24842025304910859,0.7904315455673514,0.1553597833804441,1.2067420377774714,1869,cc406827f27a6e34d2407e7795c952a3ef205827
21 eaf7803fe8421370005d6873a34100b474380d38 ,0.24365809886155748,0.8139236641221375,0.16110969917859452,1.183145038167939,1869,54d47d36c3b4ee51b0dbf2c15f42f148098292fa
21 eaf7803fe8421370005d6873a34100b474380d38 ,0.24366354783621505,0.8135758759614211,0.16104085728540382,1.1830667806128679,7,ac1faedbfec77623b9a384b2f01ee6ffd3320f85
21 eaf7803fe8421370005d6873a34100b474380d38 ,0.24366976953655622,0.8131787675411837,0.16096225284011503,1.1829774252593044,8,3e78d89b752d59d26696f0cff1c8474be63d2414
21 eaf7803fe8421370005d6873a34100b474380d38 ,0.2436759851662055,0.8127820465910477,0.1608837250914432,1.1828881570923284,8,acca830ab5b2bf04e78ad11ed71a03e7ce3dbbbd
21 eaf7803fe8421370005d6873a34100b474380d38 ,0.24281175412292028,0.8140520896426409,0.16058113748415878,1.1816474863718958,112,5dbf2ca6d553a063e96da3695d4611563d62737d
22 eaf7803fe8421370005d6873a34100b474380d38 ,0.4306141476138038,0.076993583868011,0.019813488393312626,1.915673693858845,1090,718d0e361c36b3da6577d2b718a7d2cce626c57b
22 eaf7803fe8421370005d6873a34100b474380d38 ,0.33782131127578974,0.45491470349309504,0.09510074847612575,1.5412943406444626,2602,63841b50abde7be7f36b38e66695e322dcbc90c9
22 eaf7803fe8421370005d6873a34100b474380d38 ,0.32173918507327,0.5204130262112788,0.10814894557705623,1.4764098490865767,2602,12b5d1af19957351a3a7da2294735440bfc34828
22 eaf7803fe8421370005d6873a34100b474380d38 ,0.2629039593680442,0.7189821693907875,0.13787188011249715,1.2785104011887072,4473,409fad40b1d62eb940fdde6354a74f3e8d454d09
22 eaf7803fe8421370005d6873a34100b474380d38 ,0.25459104317502057,0.7599905040753343,0.1479090536823625,1.2373189839360608,1869,9a1c0c332d096dda37d9c78df9082cd782e2c043
22 eaf7803fe8421370005d6873a34100b474380d38 ,0.24842025304910859,0.7904315455673514,0.1553597833804441,1.2067420377774714,1869,cc406827f27a6e34d2407e7795c952a3ef205827
22 eaf7803fe8421370005d6873a34100b474380d38 ,0.24365809886155748,0.8139236641221375,0.16110969917859452,1.183145038167939,1869,54d47d36c3b4ee51b0dbf2c15f42f148098292fa
22 eaf7803fe8421370005d6873a34100b474380d38 ,0.24366354783621505,0.8135758759614211,0.16104085728540382,1.1830667806128679,7,ac1faedbfec77623b9a384b2f01ee6ffd3320f85
22 eaf7803fe8421370005d6873a34100b474380d38 ,0.24366976953655622,0.8131787675411837,0.16096225284011503,1.1829774252593044,8,3e78d89b752d59d26696f0cff1c8474be63d2414
22 eaf7803fe8421370005d6873a34100b474380d38 ,0.2436759851662055,0.8127820465910477,0.1608837250914432,1.1828881570923284,8,acca830ab5b2bf04e78ad11ed71a03e7ce3dbbbd
22 eaf7803fe8421370005d6873a34100b474380d38 ,0.24281175412292028,0.8140520896426409,0.16058113748415878,1.1816474863718958,112,5dbf2ca6d553a063e96da3695d4611563d62737d
24 eaf7803fe8421370005d6873a34100b474380d38 ,0.4306141476138038,0.076993583868011,0.019813488393312626,1.915673693858845,1090,718d0e361c36b3da6577d2b718a7d2cce626c57b
24 eaf7803fe8421370005d6873a34100b474380d38 ,0.33782131127578974,0.45491470349309504,0.09510074847612575,1.5412943406444626,2602,63841b50abde7be7f36b38e66695e322dcbc90c9
24 eaf7803fe8421370005d6873a34100b474380d38 ,0.32173918507327,0.5204130262112788,0.10814894557705623,1.4764098490865767,2602,12b5d1af19957351a3a7da2294735440bfc34828
24 eaf7803fe8421370005d6873a34100b474380d38 ,0.2629039593680442,0.7189821693907875,0.13787188011249715,1.2785104011887072,4473,409fad40b1d62eb940fdde6354a74f3e8d454d09
24 eaf7803fe8421370005d6873a34100b474380d38 ,0.25459104317502057,0.7599905040753343,0.1479090536823625,1.2373189839360608,1869,9a1c0c332d096dda37d9c78df9082cd782e2c043
24 eaf7803fe8421370005d6873a34100b474380d38 ,0.24842025304910859,0.7904315455673514,0.1553597833804441,1.2067420377774714,1869,cc406827f27a6e34d2407e7795c952a3ef205827
24 eaf7803fe8421370005d6873a34100b474380d38 ,0.24365809886155748,0.8139236641221375,0.16110969917859452,1.183145038167939,1869,54d47d36c3b4ee51b0dbf2c15f42f148098292fa
24 eaf7803fe8421370005d6873a34100b474380d38 ,0.24366354783621505,0.8135758759614211,0.16104085728540382,1.1830667806128679,7,ac1faedbfec77623b9a384b2f01ee6ffd3320f85
24 eaf7803fe8421370005d6873a34100b474380d38 ,0.24366976953655622,0.8131787675411837,0.16096225284011503,1.1829774252593044,8,3e78d89b752d59d26696f0cff1c8474be63d2414
24 eaf7803fe8421370005d6873a34100b474380d38 ,0.2436759851662055,0.8127820465910477,0.1608837250914432,1.1828881570923284,8,acca830ab5b2bf04e78ad11ed71a03e7ce3dbbbd
24 eaf7803fe8421370005d6873a34100b474380d38 ,0.24281175412292028,0.8140520896426409,0.16058113748415878,1.1816474863718958,112,5dbf2ca6d553a063e96da3695d4611563d62737d
20 63841b50abde7be7f36b38e66695e322dcbc90c9 ,0.4306141476138038,0.076993583868011,0.019813488393312626,1.915673693858845,1090,718d0e361c36b3da6577d2b718a7d2cce626c57b
20 63841b50abde7be7f36b38e66695e322dcbc90c9 ,0.33782131127578974,0.45491470349309504,0.09510074847612575,1.5412943406444626,2602,eaf7803fe8421370005d6873a34100b474380d38
20 63841b50abde7be7f36b38e66695e322dcbc90c9 ,0.32173918507327,0.5204130262112788,0.10814894557705623,1.4764098490865767,2602,12b5d1af19957351a3a7da2294735440bfc34828
20 63841b50abde7be7f36b38e66695e322dcbc90c9 ,0.2629039593680442,0.7189821693907875,0.13787188011249715,1.2785104011887072,4473,409fad40b1d62eb940fdde6354a74f3e8d454d09
20 63841b50abde7be7f36b38e66695e322dcbc90c9 ,0.25459104317502057,0.7599905040753343,0.1479090536823625,1.2373189839360608,1869,9a1c0c332d096dda37d9c78df9082cd782e2c043
20 63841b50abde7be7f36b38e66695e322dcbc90c9 ,0.24842025304910859,0.7904315455673514,0.1553597833804441,1.2067420377774714,1869,cc406827f27a6e34d2407e7795c952a3ef205827
20 63841b50abde7be7f36b38e66695e322dcbc90c9 ,0.24365809886155748,0.8139236641221375,0.16110969917859452,1.183145038167939,1869,54d47d36c3b4ee51b0dbf2c15f42f148098292fa
20 63841b50abde7be7f36b38e66695e322dcbc90c9 ,0.24366354783621505,0.8135758759614211,0.16104085728540382,1.1830667806128679,7,ac1faedbfec77623b9a384b2f01ee6ffd3320f85
20 63841b50abde7be7f36b38e66695e322dcbc90c9 ,0.24366976953655622,0.8131787675411837,0.16096225284011503,1.1829774252593044,8,3e78d89b752d59d26696f0cff1c8474be63d2414
20 63841b50abde7be7f36b38e66695e322dcbc90c9 ,0.2436759851662055,0.8127820465910477,0.1608837250914432,1.1828881570923284,8,acca830ab5b2bf04e78ad11ed71a03e7ce3dbbbd
20 63841b50abde7be7f36b38e66695e322dcbc90c9 ,0.24281175412292028,0.8140520896426409,0.16058113748415878,1.1816474863718958,112,5dbf2ca6d553a063e96da3695d4611563d62737d
21 63841b50abde7be7f36b38e66695e322dcbc90c9 ,0.4306141476138038,0.076993583868011,0.019813488393312626,1.915673693858845,1090,718d0e361c36b3da6577d2b718a7d2cce626c57b
21 63841b50abde7be7f36b38e66695e322dcbc90c9 ,0.33782131127578974,0.45491470349309504,0.09510074847612575,1.5412943406444626,2602,eaf7803fe8421370005d6873a34100b474380d38
21 63841b50abde7be7f36b38e66695e322dcbc90c9 ,0.32173918507327,0.5204130262112788,0.10814894557705623,1.4764098490865767,2602,12b5d1af19957351a3a7da2294735440bfc34828
21 63841b50abde7be7f36b38e66695e322dcbc90c9 ,0.2629039593680442,0.7189821693907875,0.13787188011249715,1.2785104011887072,4473,409fad40b1d62eb940fdde6354a74f3e8d454d09
21 63841b50abde7be7f36b38e66695e322dcbc90c9 ,0.25459104317502057,0.7599905040753343,0.1479090536823625,1.2373189839360608,1869,9a1c0c332d096dda37d9c78df9082cd782e2c043
21 63841b50abde7be7f36b38e66695e322dcbc90c9 ,0.24842025304910859,0.7904315455673514,0.1553597833804441,1.2067420377774714,1869,cc406827f27a6e34d2407e7795c952a3ef205827
21 63841b50abde7be7f36b38e66695e322dcbc90c9 ,0.24365809886155748,0.8139236641221375,0.16110969917859452,1.183145038167939,1869,54d47d36c3b4ee51b0dbf2c15f42f148098292fa
21 63841b50abde7be7f36b38e66695e322dcbc90c9 ,0.24366354783621505,0.8135758759614211,0.16104085728540382,1.1830667806128679,7,ac1faedbfec77623b9a384b2f01ee6ffd3320f85
21 63841b50abde7be7f36b38e66695e322dcbc90c9 ,0.24366976953655622,0.8131787675411837,0.16096225284011503,1.1829774252593044,8,3e78d89b752d59d26696f0cff1c8474be63d2414
21 63841b50abde7be7f36b38e66695e322dcbc90c9 ,0.2436759851662055,0.8127820465910477,0.1608837250914432,1.1828881570923284,8,acca830ab5b2bf04e78ad11ed71a03e7ce3dbbbd
21 63841b50abde7be7f36b38e66695e322dcbc90c9 ,0.24281175412292028,0.8140520896426409,0.16058113748415878,1.1816474863718958,112,5dbf2ca6d553a063e96da3695d4611563d62737d
22 63841b50abde7be7f36b38e66695e322dcbc90c9 ,0.4306141476138038,0.076993583868011,0.019813488393312626,1.915673693858845,1090,718d0e361c36b3da6577d2b718a7d2cce626c57b
22 63841b50abde7be7f36b38e66695e322dcbc90c9 ,0.33782131127578974,0.45491470349309504,0.09510074847612575,1.5412943406444626,2602,eaf7803fe8421370005d6873a34100b474380d38
22 63841b50abde7be7f36b38e66695e322dcbc90c9 ,0.32173918507327,0.5204130262112788,0.10814894557705623,1.4764098490865767,2602,12b5d1af19957351a3a7da2294735440bfc34828
22 63841b50abde7be7f36b38e66695e322dcbc90c9 ,0.2629039593680442,0.7189821693907875,0.13787188011249715,1.2785104011887072,4473,409fad40b1d62eb940fdde6354a74f3e8d454d09
22 63841b50abde7be7f36b38e66695e322dcbc90c9 ,0.25459104317502057,0.7599905040753343,0.1479090536823625,1.2373189839360608,1869,9a1c0c332d096dda37d9c78df9082cd782e2c043
22 63841b50abde7be7f36b38e66695e322dcbc90c9 ,0.24842025304910859,0.7904315455673514,0.1553597833804441,1.2067420377774714,1869,cc406827f27a6e34d2407e7795c952a3ef205827
22 63841b50abde7be7f36b38e66695e322dcbc90c9 ,0.24365809886155748,0.8139236641221375,0.16110969917859452,1.183145038167939,1869,54d47d36c3b4ee51b0dbf2c15f42f148098292fa
22 63841b50abde7be7f36b38e66695e322dcbc90c9 ,0.24366354783621505,0.8135758759614211,0.16104085728540382,1.1830667806128679,7,ac1faedbfec77623b9a384b2f01ee6ffd3320f85
22 63841b50abde7be7f36b38e66695e322dcbc90c9 ,0.24366976953655622,0.8131787675411837,0.16096225284011503,1.1829774252593044,8,3e78d89b752d59d26696f0cff1c8474be63d2414
22 63841b50abde7be7f36b38e66695e322dcbc90c9 ,0.2436759851662055,0.8127820465910477,0.1608837250914432,1.1828881570923284,8,acca830ab5b2bf04e78ad11ed71a03e7ce3dbbbd
22 63841b50abde7be7f36b38e66695e322dcbc90c9 ,0.24281175412292028,0.8140520896426409,0.16058113748415878,1.1816474863718958,112,5dbf2ca6d553a063e96da3695d4611563d62737d
24 63841b50abde7be7f36b38e66695e322dcbc90c9 ,0.4306141476138038,0.076993583868011,0.019813488393312626,1.915673693858845,1090,718d0e361c36b3da6577d2b718a7d2cce626c57b
24 63841b50abde7be7f36b38e66695e322dcbc90c9 ,0.33782131127578974,0.45491470349309504,0.09510074847612575,1.5412943406444626,2602,eaf7803fe8421370005d6873a34100b474380d38
24 63841b50abde7be7f36b38e66695e322dcbc90c9 ,0.32173918507327,0.5204130262112788,0.10814894557705623,1.4764098490865767,2602,12b5d1af19957351a3a7da2294735440bfc34828
24 63841b50abde7be7f36b38e66695e322dcbc90c9 ,0.2629039593680442,0.7189821693907875,0.13787188011249715,1.2785104011887072,4473,409fad40b1d62eb940fdde6354a74f3e8d454d09
24 63841b50abde7be7f36b38e66695e322dcbc90c9 ,0.25459104317502057,0.7599905040753343,0.1479090536823625,1.2373189839360608,1869,9a1c0c332d096dda37d9c78df9082cd782e2c043
24 63841b50abde7be7f36b38e66695e322dcbc90c9 ,0.24842025304910859,0.7904315455673514,0.1553597833804441,1.2067420377774714,1869,cc406827f27a6e34d2407e7795c952a3ef205827
24 63841b50abde7be7f36b38e66695e322dcbc90c9 ,0.24365809886155748,0.8139236641221375,0.16110969917859452,1.183145038167939,1869,54d47d36c3b4ee51b0dbf2c15f42f148098292fa
24 63841b50abde7be7f36b38e66695e322dcbc90c9 ,0.24366354783621505,0.8135758759614211,0.16104085728540382,1.1830667806128679,7,ac1faedbfec77623b9a384b2f01ee6ffd3320f85
24 63841b50abde7be7f36b38e66695e322dcbc90c9 ,0.24366976953655622,0.8131787675411837,0.16096225284011503,1.1829774252593044,8,3e78d89b752d59d26696f0cff1c8474be63d2414
24 63841b50abde7be7f36b38e66695e322dcbc90c9 ,0.2436759851662055,0.8127820465910477,0.1608837250914432,1.1828881570923284,8,acca830ab5b2bf04e78ad11ed71a03e7ce3dbbbd
24 63841b50abde7be7f36b38e66695e322dcbc90c9 ,0.24281175412292028,0.8140520896426409,0.16058113748415878,1.1816474863718958,112,5dbf2ca6d553a063e96da3695d4611563d62737d
20 12b5d1af19957351a3a7da2294735440bfc34828 ,0.4306141476138038,0.076993583868011,0.019813488393312626,1.915673693858845,1090,718d0e361c36b3da6577d2b718a7d2cce626c57b
20 12b5d1af19957351a3a7da2294735440bfc34828 ,0.33782131127578974,0.45491470349309504,0.09510074847612575,1.5412943406444626,2602,eaf7803fe8421370005d6873a34100b474380d38
20 12b5d1af19957351a3a7da2294735440bfc34828 ,0.32173918507327,0.5204130262112788,0.10814894557705623,1.4764098490865767,2602,63841b50abde7be7f36b38e66695e322dcbc90c9
20 12b5d1af19957351a3a7da2294735440bfc34828 ,0.2629039593680442,0.7189821693907875,0.13787188011249715,1.2785104011887072,4473,409fad40b1d62eb940fdde6354a74f3e8d454d09
20 12b5d1af19957351a3a7da2294735440bfc34828 ,0.25459104317502057,0.7599905040753343,0.1479090536823625,1.2373189839360608,1869,9a1c0c332d096dda37d9c78df9082cd782e2c043
20 12b5d1af19957351a3a7da2294735440bfc34828 ,0.24842025304910859,0.7904315455673514,0.1553597833804441,1.2067420377774714,1869,cc406827f27a6e34d2407e7795c952a3ef205827
20 12b5d1af19957351a3a7da2294735440bfc34828 ,0.24365809886155748,0.8139236641221375,0.16110969917859452,1.183145038167939,1869,54d47d36c3b4ee51b0dbf2c15f42f148098292fa
20 12b5d1af19957351a3a7da2294735440bfc34828 ,0.24366354783621505,0.8135758759614211,0.16104085728540382,1.1830667806128679,7,ac1faedbfec77623b9a384b2f01ee6ffd3320f85
20 12b5d1af19957351a3a7da2294735440bfc34828 ,0.24366976953655622,0.8131787675411837,0.16096225284011503,1.1829774252593044,8,3e78d89b752d59d26696f0cff1c8474be63d2414
20 12b5d1af19957351a3a7da2294735440bfc34828 ,0.2436759851662055,0.8127820465910477,0.1608837250914432,1.1828881570923284,8,acca830ab5b2bf04e78ad11ed71a03e7ce3dbbbd
20 12b5d1af19957351a3a7da2294735440bfc34828 ,0.24281175412292028,0.8140520896426409,0.16058113748415878,1.1816474863718958,112,5dbf2ca6d553a063e96da3695d4611563d62737d
21 12b5d1af19957351a3a7da2294735440bfc34828 ,0.4306141476138038,0.076993583868011,0.019813488393312626,1.915673693858845,1090,718d0e361c36b3da6577d2b718a7d2cce626c57b
21 12b5d1af19957351a3a7da2294735440bfc34828 ,0.33782131127578974,0.45491470349309504,0.09510074847612575,1.5412943406444626,2602,eaf7803fe8421370005d6873a34100b474380d38
21 12b5d1af19957351a3a7da2294735440bfc34828 ,0.32173918507327,0.5204130262112788,0.10814894557705623,1.4764098490865767,2602,63841b50abde7be7f36b38e66695e322dcbc90c9
21 12b5d1af19957351a3a7da2294735440bfc34828 ,0.2629039593680442,0.7189821693907875,0.13787188011249715,1.2785104011887072,4473,409fad40b1d62eb940fdde6354a74f3e8d454d09
21 12b5d1af19957351a3a7da2294735440bfc34828 ,0.25459104317502057,0.7599905040753343,0.1479090536823625,1.2373189839360608,1869,9a1c0c332d096dda37d9c78df9082cd782e2c043
21 12b5d1af19957351a3a7da2294735440bfc34828 ,0.24842025304910859,0.7904315455673514,0.1553597833804441,1.2067420377774714,1869,cc406827f27a6e34d2407e7795c952a3ef205827
21 12b5d1af19957351a3a7da2294735440bfc34828 ,0.24365809886155748,0.8139236641221375,0.16110969917859452,1.183145038167939,1869,54d47d36c3b4ee51b0dbf2c15f42f148098292fa
21 12b5d1af19957351a3a7da2294735440bfc34828 ,0.24366354783621505,0.8135758759614211,0.16104085728540382,1.1830667806128679,7,ac1faedbfec77623b9a384b2f01ee6ffd3320f85
21 12b5d1af19957351a3a7da2294735440bfc34828 ,0.24366976953655622,0.8131787675411837,0.16096225284011503,1.1829774252593044,8,3e78d89b752d59d26696f0cff1c8474be63d2414
21 12b5d1af19957351a3a7da2294735440bfc34828 ,0.2436759851662055,0.8127820465910477,0.1608837250914432,1.1828881570923284,8,acca830ab5b2bf04e78ad11ed71a03e7ce3dbbbd
21 12b5d1af19957351a3a7da2294735440bfc34828 ,0.24281175412292028,0.8140520896426409,0.16058113748415878,1.1816474863718958,112,5dbf2ca6d553a063e96da3695d4611563d62737d
22 12b5d1af19957351a3a7da2294735440bfc34828 ,0.4306141476138038,0.076993583868011,0.019813488393312626,1.915673693858845,1090,718d0e361c36b3da6577d2b718a7d2cce626c57b
22 12b5d1af19957351a3a7da2294735440bfc34828 ,0.33782131127578974,0.45491470349309504,0.09510074847612575,1.5412943406444626,2602,eaf7803fe8421370005d6873a34100b474380d38
22 12b5d1af19957351a3a7da2294735440bfc34828 ,0.32173918507327,0.5204130262112788,0.10814894557705623,1.4764098490865767,2602,63841b50abde7be7f36b38e66695e322dcbc90c9
22 12b5d1af19957351a3a7da2294735440bfc34828 ,0.2629039593680442,0.7189821693907875,0.13787188011249715,1.2785104011887072,4473,409fad40b1d62eb940fdde6354a74f3e8d454d09
22 12b5d1af19957351a3a7da2294735440bfc34828 ,0.25459104317502057,0.7599905040753343,0.1479090536823625,1.2373189839360608,1869,9a1c0c332d096dda37d9c78df9082cd782e2c043
22 12b5d1af19957351a3a7da2294735440bfc34828 ,0.24842025304910859,0.7904315455673514,0.1553597833804441,1.2067420377774714,1869,cc406827f27a6e34d2407e7795c952a3ef205827
22 12b5d1af19957351a3a7da2294735440bfc34828 ,0.24365809886155748,0.8139236641221375,0.16110969917859452,1.183145038167939,1869,54d47d36c3b4ee51b0dbf2c15f42f148098292fa
22 12b5d1af19957351a3a7da2294735440bfc34828 ,0.24366354783621505,0.8135758759614211,0.16104085728540382,1.1830667806128679,7,ac1faedbfec77623b9a384b2f01ee6ffd3320f85
22 12b5d1af19957351a3a7da2294735440bfc34828 ,0.24366976953655622,0.8131787675411837,0.16096225284011503,1.1829774252593044,8,3e78d89b752d59d26696f0cff1c8474be63d2414
22 12b5d1af19957351a3a7da2294735440bfc34828 ,0.2436759851662055,0.8127820465910477,0.1608837250914432,1.1828881570923284,8,acca830ab5b2bf04e78ad11ed71a03e7ce3dbbbd
22 12b5d1af19957351a3a7da2294735440bfc34828 ,0.24281175412292028,0.8140520896426409,0.16058113748415878,1.1816474863718958,112,5dbf2ca6d553a063e96da3695d4611563d62737d
24 12b5d1af19957351a3a7da2294735440bfc34828 ,0.4306141476138038,0.076993583868011,0.019813488393312626,1.915673693858845,1090,718d0e361c36b3da6577d2b718a7d2cce626c57b
24 12b5d1af19957351a3a7da2294735440bfc34828 ,0.33782131127578974,0.45491470349309504,0.09510074847612575,1.5412943406444626,2602,eaf7803fe8421370005d6873a34100b474380d38
24 12b5d1af19957351a3a7da2294735440bfc34828 ,0.32173918507327,0.5204130262112788,0.10814894557705623,1.4764098490865767,2602,63841b50abde7be7f36b38e66695e322dcbc90c9
24 12b5d1af19957351a3a7da2294735440bfc34828 ,0.2629039593680442,0.7189821693907875,0.13787188011249715,1.2785104011887072,4473,409fad40b1d62eb940fdde6354a74f3e8d454d09
24 12b5d1af19957351a3a7da2294735440bfc34828 ,0.25459104317502057,0.7599905040753343,0.1479090536823625,1.2373189839360608,1869,9a1c0c332d096dda37d9c78df9082cd782e2c043
24 12b5d1af19957351a3a7da2294735440bfc34828 ,0.24842025304910859,0.7904315455673514,0.1553597833804441,1.2067420377774714,1869,cc406827f27a6e34d2407e7795c952a3ef205827
24 12b5d1af19957351a3a7da2294735440bfc34828 ,0.24365809886155748,0.8139236641221375,0.16110969917859452,1.183145038167939,1869,54d47d36c3b4ee51b0dbf2c15f42f148098292fa
24 12b5d1af19957351a3a7da2294735440bfc34828 ,0.24366354783621505,0.8135758759614211,0.16104085728540382,1.1830667806128679,7,ac1faedbfec77623b9a384b2f01ee6ffd3320f85
24 12b5d1af19957351a3a7da2294735440bfc34828 ,0.24366976953655622,0.8131787675411837,0.16096225284011503,1.1829774252593044,8,3e78d89b752d59d26696f0cff1c8474be63d2414
24 12b5d1af19957351a3a7da2294735440bfc34828 ,0.2436759851662055,0.8127820465910477,0.1608837250914432,1.1828881570923284,8,acca830ab5b2bf04e78ad11ed71a03e7ce3dbbbd
24 12b5d1af19957351a3a7da2294735440bfc34828 ,0.24281175412292028,0.8140520896426409,0.16058113748415878,1.1816474863718958,112,5dbf2ca6d553a063e96da3695d4611563d62737d
